name,weapon_url,arts,arts_url,getMethod,effect,str_required,dex_required,int_required,fth_required,myt_required,upgrade_path,enable_change_arts
ダガー,./?%E3%83%80%E3%82%AC%E3%83%BC,クイックステップ,./?%E3%82%AF%E3%82%A4%E3%83%83%E3%82%AF%E3%82%B9%E3%83%86%E3%83%83%E3%83%97,双子の老婆が販売 / 君主軍の雑兵（短剣）がドロップ,なし,5,9,0,0,0,通常,◯
パリングダガー,./?%E3%83%91%E3%83%AA%E3%83%B3%E3%82%B0%E3%83%80%E3%82%AC%E3%83%BC,パリィ,./?%E3%83%91%E3%83%AA%E3%82%A3,パッチが販売,なし,5,14,0,0,0,通常,◯
慈悲の短剣,./?%E6%85%88%E6%82%B2%E3%81%AE%E7%9F%AD%E5%89%A3,クイックステップ,./?%E3%82%AF%E3%82%A4%E3%83%83%E3%82%AF%E3%82%B9%E3%83%86%E3%83%83%E3%83%97,ストームヴィル城のインプ像で封印された部屋の遺体(Ver1.02から追加),なし,7,12,0,0,0,通常,◯
大型ナイフ,./?%E5%A4%A7%E5%9E%8B%E3%83%8A%E3%82%A4%E3%83%95,クイックステップ,./?%E3%82%AF%E3%82%A4%E3%83%83%E3%82%AF%E3%82%B9%E3%83%86%E3%83%83%E3%83%97,素性盗賊の初期装備 / 亜人（小）がドロップ,出血の状態異常を蓄積する（38）,6,12,0,0,0,通常,◯
血汚れた短刀,./?%E8%A1%80%E6%B1%9A%E3%82%8C%E3%81%9F%E7%9F%AD%E5%88%80,クイックステップ,./?%E3%82%AF%E3%82%A4%E3%83%83%E3%82%AF%E3%82%B9%E3%83%86%E3%83%83%E3%83%97,亜人の親分がドロップ,出血の状態異常を蓄積する(38),9,12,0,0,0,通常,◯
黄銅の短刀,./?%E9%BB%84%E9%8A%85%E3%81%AE%E7%9F%AD%E5%88%80,クイックステップ,./?%E3%82%AF%E3%82%A4%E3%83%83%E3%82%AF%E3%82%B9%E3%83%86%E3%83%83%E3%83%97,領主の嫡男、ケネス・ハイトのイベント報酬 / 王都ローデイルで拾う,なし,7,12,0,14,0,通常,◯
火の騎士の短剣,./?%E7%81%AB%E3%81%AE%E9%A8%8E%E5%A3%AB%E3%81%AE%E7%9F%AD%E5%89%A3,クイックステップ,./?%E3%82%AF%E3%82%A4%E3%83%83%E3%82%AF%E3%82%B9%E3%83%86%E3%83%83%E3%83%97,種の保管庫などにいる火の騎士（短剣）がドロップ,なし,8,13,0,12,0,通常,◯
脇差,./?%E8%84%87%E5%B7%AE,クイックステップ,./?%E3%82%AF%E3%82%A4%E3%83%83%E3%82%AF%E3%82%B9%E3%83%86%E3%83%83%E3%83%97,牢獄洞窟の遺体(Ver1.02から追加),：出血の状態異常を蓄積する（38） / 刀と二刀流,9,13,0,0,0,通常,◯
マンゴーシュ,./?%E3%83%9E%E3%83%B3%E3%82%B4%E3%83%BC%E3%82%B7%E3%83%A5,パリィ,./?%E3%83%91%E3%83%AA%E3%82%A3,影の城の祝福「正門広場」から先で拾う,刺剣と二刀流,7,15,0,0,0,通常,◯
祝祭の手鎌,./?%E7%A5%9D%E7%A5%AD%E3%81%AE%E6%89%8B%E9%8E%8C,クイックステップ,./?%E3%82%AF%E3%82%A4%E3%83%83%E3%82%AF%E3%82%B9%E3%83%86%E3%83%83%E3%83%97,風車村ドミヌラのドミヌラの踊り子（短剣）がドロップ,ガード貫通 / 攻撃ヒット時にルーン+10,6,11,0,0,0,通常,◯
象牙の手鎌,./?%E8%B1%A1%E7%89%99%E3%81%AE%E6%89%8B%E9%8E%8C,クイックステップ,./?%E3%82%AF%E3%82%A4%E3%83%83%E3%82%AF%E3%82%B9%E3%83%86%E3%83%83%E3%83%97,しろがね村の奥にある棺で拾う(Ver1.02から追加),ガード貫通,6,11,13,0,0,通常,✕
結晶ナイフ,./?%E7%B5%90%E6%99%B6%E3%83%8A%E3%82%A4%E3%83%95,クイックステップ,./?%E3%82%AF%E3%82%A4%E3%83%83%E3%82%AF%E3%82%B9%E3%83%86%E3%83%83%E3%83%97,レアルカリア結晶坑道の宝箱(Ver1.02から追加),なし,8,12,9,0,0,通常,✕
蠍の針,./?%E8%A0%8D%E3%81%AE%E9%87%9D,連続突き,./?%E9%80%A3%E7%B6%9A%E7%AA%81%E3%81%8D,腐れ湖の祝福「大回廊」の先にある祭壇の奥の宝箱,朱い腐敗の状態異常を蓄積する(50),6,12,0,0,0,喪色,✕
チンクエディア,./?%E3%83%81%E3%83%B3%E3%82%AF%E3%82%A8%E3%83%87%E3%82%A3%E3%82%A2,クイックステップ,./?%E3%82%AF%E3%82%A4%E3%83%83%E3%82%AF%E3%82%B9%E3%83%86%E3%83%83%E3%83%97,獣の神殿の後ろにある崖の遺跡を一番下まで降りた所で拾う,獣の祈祷を強化する,10,10,0,0,0,喪色,✕
輝石のクリス,./?%E8%BC%9D%E7%9F%B3%E3%81%AE%E3%82%AF%E3%83%AA%E3%82%B9,輝石の彗礫,./?%E8%BC%9D%E7%9F%B3%E3%81%AE%E5%BD%97%E7%A4%AB,魔術師セレンのイベント,なし,5,12,16,0,0,喪色,✕
レドゥビア,./?%E3%83%AC%E3%83%89%E3%82%A5%E3%83%93%E3%82%A2,レドゥビアの血刃,./?%E3%83%AC%E3%83%89%E3%82%A5%E3%83%93%E3%82%A2%E3%81%AE%E8%A1%80%E5%88%83,敵対NPC「血の指、ネリウス」を倒す,出血の状態異常を蓄積する（50）,5,13,0,0,13,喪色,✕
使命の刃,./?%E4%BD%BF%E5%91%BD%E3%81%AE%E5%88%83,黄金の刃,./?%E9%BB%84%E9%87%91%E3%81%AE%E5%88%83,王都ローデイルと禁域を繋ぐ昇降機を途中で降りた先で拾う,なし,6,13,0,15,0,喪色,✕
黒き刃,./?%E9%BB%92%E3%81%8D%E5%88%83,死の刃,./?%E6%AD%BB%E3%81%AE%E5%88%83,貴き者たちの英雄墓の入口にいるボス「黒き刃の刺客」を倒す,なし,8,12,0,18,0,喪色,✕
流紋の短剣,./?%E6%B5%81%E7%B4%8B%E3%81%AE%E7%9F%AD%E5%89%A3,貫通投擲,./?%E8%B2%AB%E9%80%9A%E6%8A%95%E6%93%B2,墓地平原の溶岩筒の鍛冶遺跡で拾う,両手持ちで二刀流 / 全ての攻撃で投擲,5,11,11,11,0,通常,◯
ショートソード,./?%E3%82%B7%E3%83%A7%E3%83%BC%E3%83%88%E3%82%BD%E3%83%BC%E3%83%89,キック,./?%E3%82%AD%E3%83%83%E3%82%AF,素性「星見」の初期装備リムグレイブの聖人橋付近にいる放浪の民の商人が販売（600）雑兵（直剣）や追い剥ぎ（直剣）がドロップ,なし,8,10,0,0,0,通常,◯
ロングソード,./?%E3%83%AD%E3%83%B3%E3%82%B0%E3%82%BD%E3%83%BC%E3%83%89,構え,./?%E6%A7%8B%E3%81%88,素性「放浪騎士」の初期装備円卓にいる双子の老婆が販売（1000）,なし,10,10,0,0,0,通常,◯
ブロードソード,./?%E3%83%96%E3%83%AD%E3%83%BC%E3%83%89%E3%82%BD%E3%83%BC%E3%83%89,構え,./?%E6%A7%8B%E3%81%88,素性「密使」の初期装備リムグレイブの海岸の洞窟近くの海岸沿いにいる放浪の民の商人から購入（1800）,なし,10,10,0,0,0,通常,◯
古びた直剣,./?%E5%8F%A4%E3%81%B3%E3%81%9F%E7%9B%B4%E5%89%A3,構え,./?%E6%A7%8B%E3%81%88,各地にいる市民と病み人がドロップ,なし,7,10,0,0,0,通常,◯
君主軍の直剣,./?%E5%90%9B%E4%B8%BB%E8%BB%8D%E3%81%AE%E7%9B%B4%E5%89%A3,構え,./?%E6%A7%8B%E3%81%88,各地にいる君主軍の一般兵（直剣）や霊廟兵（直剣）がドロップ,なし,10,10,0,0,0,通常,◯
貴人の細剣,./?%E8%B2%B4%E4%BA%BA%E3%81%AE%E7%B4%B0%E5%89%A3,構え,./?%E6%A7%8B%E3%81%88,貴人(直剣)からドロップ(魔術学院レアルカリアの祝福「学び舎の一室」リフト前、ゲルミア火山の祝福「罪人橋」から橋を渡った先など。),なし,8,11,0,0,0,通常,◯
杖剣,./?%E6%9D%96%E5%89%A3,構え,./?%E6%A7%8B%E3%81%88,王都ローデイルの祝福「王都西城壁」から出てすぐの階段を降りて横の遺体(Ver1.02から追加),なし,8,11,0,0,0,通常,◯
石鞘の剣,./?%E7%9F%B3%E9%9E%98%E3%81%AE%E5%89%A3,構え,./?%E6%A7%8B%E3%81%88,霧谷の地下墓 / アンテの廃墟 / ラウフの古遺跡 (※いずれか1か所のみ),なし,16,8,0,0,0,喪色,✕
戦鷹の爪剣,./?%E6%88%A6%E9%B7%B9%E3%81%AE%E7%88%AA%E5%89%A3,回転斬り,./?%E5%9B%9E%E8%BB%A2%E6%96%AC%E3%82%8A,ストームヴィル城の戦鷹からドロップ,なし,10,16,0,0,0,通常,◯
ラズリの輝石剣,./?%E3%83%A9%E3%82%BA%E3%83%AA%E3%81%AE%E8%BC%9D%E7%9F%B3%E5%89%A3,輝石のつぶて,./?%E8%BC%9D%E7%9F%B3%E3%81%AE%E3%81%A4%E3%81%B6%E3%81%A6%28%E6%88%A6%E6%8A%80%29,魔術学院レアルカリアの剣と盾を装備した魔術学徒(祝福「学び舎の一室」すぐなど)がドロップ,なし,8,9,13,0,0,喪色,✕
カーリアの騎士剣,./?%E3%82%AB%E3%83%BC%E3%83%AA%E3%82%A2%E3%81%AE%E9%A8%8E%E5%A3%AB%E5%89%A3,グレート・カーリア,./?%E3%82%B0%E3%83%AC%E3%83%BC%E3%83%88%E3%83%BB%E3%82%AB%E3%83%BC%E3%83%AA%E3%82%A2,湖のリエーニエの祝福「リエーニエ湖、北岸」から南の巨人が引いている馬車の宝箱,なし,10,10,18,0,0,喪色,✕
結晶剣,./?%E7%B5%90%E6%99%B6%E5%89%A3,回転斬り,./?%E5%9B%9E%E8%BB%A2%E6%96%AC%E3%82%8A,しろがね村の吊り橋を渡った先にある遺体(Ver1.02から追加),なし,13,10,15,0,0,喪色,✕
腐敗した結晶剣,./?%E8%85%90%E6%95%97%E3%81%97%E3%81%9F%E7%B5%90%E6%99%B6%E5%89%A3,回転斬り,./?%E5%9B%9E%E8%BB%A2%E6%96%AC%E3%82%8A,聖樹の支え、エブレフェールの祝福「エブレフェールの内壁」から進んで結晶人が3体いる場所の宝箱(Ver1.02から追加),朱い腐敗の状態異常を、僅かに蓄積する(50),13,10,15,0,0,喪色,✕
ミケラの騎士剣,./?%E3%83%9F%E3%82%B1%E3%83%A9%E3%81%AE%E9%A8%8E%E5%A3%AB%E5%89%A3,聖なる刃,./?%E8%81%96%E3%81%AA%E3%82%8B%E5%88%83,聖樹の支え、エブレフェールの祝福「祈祷室」から進み二つ目の部屋の先にある木の根を伝った先の鐘の下,なし,11,11,0,16,0,喪色,✕
儀仗の直剣,./?%E5%84%80%E4%BB%97%E3%81%AE%E7%9B%B4%E5%89%A3,黄金の剣技,./?%E9%BB%84%E9%87%91%E3%81%AE%E5%89%A3%E6%8A%80,王を待つ礼拝堂で接ぎ木の貴公子を倒す,両手持ちで二刀流,10,14,0,0,0,喪色,✕
黄金の墓標,./?%E9%BB%84%E9%87%91%E3%81%AE%E5%A2%93%E6%A8%99,弔いの墓標,./?%E5%BC%94%E3%81%84%E3%81%AE%E5%A2%93%E6%A8%99,アウレーザの英雄墓内のインプ像を石剣の鍵で開封した先。,アンデッドに対する特効,12,10,0,14,0,喪色,✕
トリーナの剣,./?%E3%83%88%E3%83%AA%E3%83%BC%E3%83%8A%E3%81%AE%E5%89%A3,眠りの霧,./?%E7%9C%A0%E3%82%8A%E3%81%AE%E9%9C%A7,見棄てられた廃墟のインプ像で封印された地下室の宝箱,睡眠の状態異常を蓄積する（66）,10,12,14,0,0,喪色,✕
トリーナの昏剣,./?%E3%83%88%E3%83%AA%E3%83%BC%E3%83%8A%E3%81%AE%E6%98%8F%E5%89%A3,永眠の霧,./?%E6%B0%B8%E7%9C%A0%E3%81%AE%E9%9C%A7,石棺の大穴で拾う,永眠の効果を蓄積する(42),10,12,14,0,0,喪色,✕
エオヒドの宝剣,./?%E3%82%A8%E3%82%AA%E3%83%92%E3%83%89%E3%81%AE%E5%AE%9D%E5%89%A3,エオヒドの剣舞,./?%E3%82%A8%E3%82%AA%E3%83%92%E3%83%89%E3%81%AE%E5%89%A3%E8%88%9E,牢獄洞窟のボス「狂った戦士」を倒した先の墓前,なし,12,18,0,0,15,喪色,✕
秘文字の剣,./?%E7%A7%98%E6%96%87%E5%AD%97%E3%81%AE%E5%89%A3,防ぎ得ぬ刃,./?%E9%98%B2%E3%81%8E%E5%BE%97%E3%81%AC%E5%88%83,王都ローデイルの荒れ果てた円卓。指読みエンヤがいた部屋の玉座,なし,0,0,0,20,0,喪色,✕
夜と炎の剣,./?%E5%A4%9C%E3%81%A8%E7%82%8E%E3%81%AE%E5%89%A3,夜と炎の構え,./?%E5%A4%9C%E3%81%A8%E7%82%8E%E3%81%AE%E6%A7%8B%E3%81%88,カーリアの城館の宝箱,なし,12,12,24,24,0,喪色,✕
ライトソード,./?%E3%83%A9%E3%82%A4%E3%83%88%E3%82%BD%E3%83%BC%E3%83%89,光,./?%E5%85%89,石鞘の剣またはダークソードを祭壇に捧げる,なし,14,11,0,24,0,喪色,✕
ダークソード,./?%E3%83%80%E3%83%BC%E3%82%AF%E3%82%BD%E3%83%BC%E3%83%89,闇,./?%E9%97%87,石鞘の剣またはライトソードを祭壇に捧げる,なし,14,11,0,24,0,喪色,✕
レディソード,./?%E3%83%AC%E3%83%87%E3%82%A3%E3%82%BD%E3%83%BC%E3%83%89,貫通突き,./?%E8%B2%AB%E9%80%9A%E7%AA%81%E3%81%8D,エンシスの城砦,なし,12,17,0,0,0,通常,◯
レダの剣,./?%E3%83%AC%E3%83%80%E3%81%AE%E5%89%A3,針の貫き,./?%E9%87%9D%E3%81%AE%E8%B2%AB%E3%81%8D,エニル・イリムで「針の騎士、レダ」と同志たちを撃破する,なし,11,22,0,19,0,喪色,✕
レラーナの双剣,./?%E3%83%AC%E3%83%A9%E3%83%BC%E3%83%8A%E3%81%AE%E5%8F%8C%E5%89%A3,月と火の構え,./?%E6%9C%88%E3%81%A8%E7%81%AB%E3%81%AE%E6%A7%8B%E3%81%88,指読みエンヤから双月の騎士の追憶と交換する,両手持ちで二刀流,13,16,16,16,0,喪色,✕
バスタードソード,./?%E3%83%90%E3%82%B9%E3%82%BF%E3%83%BC%E3%83%89%E3%82%BD%E3%83%BC%E3%83%89,踏み込み(斬り上げ),./?%E8%B8%8F%E3%81%BF%E8%BE%BC%E3%81%BF%28%E6%96%AC%E3%82%8A%E4%B8%8A%E3%81%92%29,放浪の民の商人(啜り泣きの半島)が販売（3000）,なし,16,10,0,0,0,通常,◯
クレイモア,./?%E3%82%AF%E3%83%AC%E3%82%A4%E3%83%A2%E3%82%A2,獅子斬り,./?%E7%8D%85%E5%AD%90%E6%96%AC%E3%82%8A,モーンの城の宝箱(Ver1.02から追加),なし,16,13,0,0,0,通常,◯
鉄の大剣,./?%E9%89%84%E3%81%AE%E5%A4%A7%E5%89%A3,踏み込み(斬り上げ),./?%E8%B8%8F%E3%81%BF%E8%BE%BC%E3%81%BF%28%E6%96%AC%E3%82%8A%E4%B8%8A%E3%81%92%29,獅子の混種がドロップ,なし,18,10,0,0,0,通常,◯
君主軍の大剣,./?%E5%90%9B%E4%B8%BB%E8%BB%8D%E3%81%AE%E5%A4%A7%E5%89%A3,踏み込み(斬り上げ),./?%E8%B8%8F%E3%81%BF%E8%BE%BC%E3%81%BF%28%E6%96%AC%E3%82%8A%E4%B8%8A%E3%81%92%29,関門前の廃墟にある荷車の宝箱,なし,16,10,0,0,0,通常,◯
騎士大剣,./?%E9%A8%8E%E5%A3%AB%E5%A4%A7%E5%89%A3,踏み込み(斬り上げ),./?%E8%B8%8F%E3%81%BF%E8%BE%BC%E3%81%BF%28%E6%96%AC%E3%82%8A%E4%B8%8A%E3%81%92%29,君主軍の騎士（剣盾）がドロップ,なし,16,12,0,0,0,通常,◯
失地騎士の大剣,./?%E5%A4%B1%E5%9C%B0%E9%A8%8E%E5%A3%AB%E3%81%AE%E5%A4%A7%E5%89%A3,踏み込み(斬り上げ),./?%E8%B8%8F%E3%81%BF%E8%BE%BC%E3%81%BF%28%E6%96%AC%E3%82%8A%E4%B8%8A%E3%81%92%29,ストームヴィル城などにいる失地騎士（剣）がドロップ,なし,17,9,0,0,0,通常,◯
二又の大剣,./?%E4%BA%8C%E5%8F%88%E3%81%AE%E5%A4%A7%E5%89%A3,踏み込み(斬り上げ),./?%E8%B8%8F%E3%81%BF%E8%BE%BC%E3%81%BF%28%E6%96%AC%E3%82%8A%E4%B8%8A%E3%81%92%29,地下墓などにいるインプ(大剣)がドロップ,出血の状態異常を蓄積する(55),14,16,0,0,0,通常,◯
大トカゲの大剣,./?%E5%A4%A7%E3%83%88%E3%82%AB%E3%82%B2%E3%81%AE%E5%A4%A7%E5%89%A3,踏み込み(斬り上げ),./?%E8%B8%8F%E3%81%BF%E8%BE%BC%E3%81%BF%28%E6%96%AC%E3%82%8A%E4%B8%8A%E3%81%92%29,霧谷の地下墓などにいるインプ(大剣)がドロップ,強攻撃でつぶてを放つ,12,14,0,0,0,通常,◯
フランベルジュ,./?%E3%83%95%E3%83%A9%E3%83%B3%E3%83%99%E3%83%AB%E3%82%B8%E3%83%A5,踏み込み(斬り上げ),./?%E8%B8%8F%E3%81%BF%E8%BE%BC%E3%81%BF%28%E6%96%AC%E3%82%8A%E4%B8%8A%E3%81%92%29,赤獅子城で拾う,出血の状態異常を蓄積する(55),15,14,0,0,0,通常,◯
ガーゴイルの大剣,./?%E3%82%AC%E3%83%BC%E3%82%B4%E3%82%A4%E3%83%AB%E3%81%AE%E5%A4%A7%E5%89%A3,真空斬り,./?%E7%9C%9F%E7%A9%BA%E6%96%AC%E3%82%8A,永遠の都、ノクローンで英雄のガーゴイルを倒す,なし,18,10,0,0,0,通常,◯
ガーゴイルの黒剣,./?%E3%82%AC%E3%83%BC%E3%82%B4%E3%82%A4%E3%83%AB%E3%81%AE%E9%BB%92%E5%89%A3,死蝋斬り,./?%E6%AD%BB%E8%9D%8B%E6%96%AC%E3%82%8A,獣の神殿の入口にいる黒き剣の眷属を倒す,なし,18,10,0,22,0,喪色,✕
分かたれぬ双児の剣,./?%E5%88%86%E3%81%8B%E3%81%9F%E3%82%8C%E3%81%AC%E5%8F%8C%E5%85%90%E3%81%AE%E5%89%A3,聖なる刃,./?%E8%81%96%E3%81%AA%E3%82%8B%E5%88%83,死を狩る者、Dと死衾の乙女、フィアのイベントを最後まで進める死に見えた者、Dと敵対して殺害する,アンデッドに対する特効,18,18,0,20,0,喪色,✕
ミエロスの剣,./?%E3%83%9F%E3%82%A8%E3%83%AD%E3%82%B9%E3%81%AE%E5%89%A3,ミエロスの絶叫,./?%E3%83%9F%E3%82%A8%E3%83%AD%E3%82%B9%E3%81%AE%E7%B5%B6%E5%8F%AB,NPC糞喰いの関連イベントを進めて、侵入してくる糞喰いを倒す,出血の状態異常を蓄積する(55) / 敵を倒したとき、FPを5回復,15,19,0,0,0,喪色,✕
マレー家の執行剣,./?%E3%83%9E%E3%83%AC%E3%83%BC%E5%AE%B6%E3%81%AE%E5%9F%B7%E8%A1%8C%E5%89%A3,エオヒドの剣舞,./?%E3%82%A8%E3%82%AA%E3%83%92%E3%83%89%E3%81%AE%E5%89%A3%E8%88%9E,日陰城のボス「鉄茨のエレメール」を倒す,なし,24,14,0,0,23,喪色,✕
孤牢の大剣,./?%E5%AD%A4%E7%89%A2%E3%81%AE%E5%A4%A7%E5%89%A3,孤月斬り,./?%E5%AD%A4%E6%9C%88%E6%96%AC%E3%82%8A,西の無名霊廟で孤牢の騎士を倒す,なし,27,13,0,0,0,喪色,✕
オルドビスの大剣,./?%E3%82%AA%E3%83%AB%E3%83%89%E3%83%93%E3%82%B9%E3%81%AE%E5%A4%A7%E5%89%A3,オルドビスの渦,./?%E3%82%AA%E3%83%AB%E3%83%89%E3%83%93%E3%82%B9%E3%81%AE%E6%B8%A6,アウレーザの英雄墓でボス「坩堝の騎士、オルドビス」を倒す,なし,25,13,0,15,0,喪色,✕
白王の剣,./?%E7%99%BD%E7%8E%8B%E3%81%AE%E5%89%A3,白王の引力波,./?%E7%99%BD%E7%8E%8B%E3%81%AE%E5%BC%95%E5%8A%9B%E6%B3%A2,腐れ湖とイエロ・アニスの坑道にいる石肌の白王がドロップ,特定種族に対する特効,16,12,18,0,0,喪色,✕
死かき棒,./?%E6%AD%BB%E3%81%8B%E3%81%8D%E6%A3%92,霊炎発火,./?%E9%9C%8A%E7%82%8E%E7%99%BA%E7%81%AB,ケイリッドのサリアの関門近くのボス「死儀礼の鳥」を倒す,冷気の状態異常を蓄積する（65）,15,17,11,0,0,喪色,✕
ヘルフェンの尖塔,./?%E3%83%98%E3%83%AB%E3%83%95%E3%82%A7%E3%83%B3%E3%81%AE%E5%B0%96%E5%A1%94,滅びの霊炎,./?%E6%BB%85%E3%81%B3%E3%81%AE%E9%9C%8A%E7%82%8E,巨人たちの山嶺の祝福「古遺跡谷の崖上」から北西崖際にいるティビアの呼び舟を倒す,なし,19,10,22,-,-,喪色,✕
冒涜の聖剣,./?%E5%86%92%E6%B6%9C%E3%81%AE%E8%81%96%E5%89%A3,略奪の炎,./?%E7%95%A5%E5%A5%AA%E3%81%AE%E7%82%8E,指読みエンヤから冒涜の君主の追憶と交換する," 敵を倒したとき、HPを回復する",22,15,0,21,0,喪色,✕
黄金律の大剣,./?%E9%BB%84%E9%87%91%E5%BE%8B%E3%81%AE%E5%A4%A7%E5%89%A3,黄金律掲揚,./?%E9%BB%84%E9%87%91%E5%BE%8B%E6%8E%B2%E6%8F%9A,寄る辺の洞窟のボス「混種の聖騎士」を倒す,アンデッドに対する特効,16,21,0,28,0,喪色,✕
暗月の大剣,./?%E6%9A%97%E6%9C%88%E3%81%AE%E5%A4%A7%E5%89%A3,月光剣,./?%E6%9C%88%E5%85%89%E5%89%A3,魔女ラニの関連イベントを進めて、マヌス・セリス大教会の地下でラニのいた場所から拾う,冷気の状態異常を蓄積する(55),16,11,38,0,0,喪色,✕
劫罰の大剣,./?%E5%8A%AB%E7%BD%B0%E3%81%AE%E5%A4%A7%E5%89%A3,黄金の磔,./?%E9%BB%84%E9%87%91%E3%81%AE%E7%A3%94,指読みエンヤから「狂い火の王の追憶」と交換する,なし,20,15,0,20,0,喪色,✕
神の遺剣,./?%E7%A5%9E%E3%81%AE%E9%81%BA%E5%89%A3,黄金波,./?%E9%BB%84%E9%87%91%E6%B3%A2,指読みエンヤからエルデの追憶と交換する,なし,14,24,0,22,0,喪色,✕
ツヴァイヘンダー,./?%E3%83%84%E3%83%B4%E3%82%A1%E3%82%A4%E3%83%98%E3%83%B3%E3%83%80%E3%83%BC,踏み込み(斬り上げ),./?%E8%B8%8F%E3%81%BF%E8%BE%BC%E3%81%BF%28%E6%96%AC%E3%82%8A%E4%B8%8A%E3%81%92%29,啜り泣きの半島の隠遁商人のボロ家にいる隠遁商人が販売（3500）,なし,19,11,-,-,-,通常,◯
グレートソード,./?%E3%82%B0%E3%83%AC%E3%83%BC%E3%83%88%E3%82%BD%E3%83%BC%E3%83%89,踏み込み(斬り上げ),./?%E8%B8%8F%E3%81%BF%E8%BE%BC%E3%81%BF%28%E6%96%AC%E3%82%8A%E4%B8%8A%E3%81%92%29,ケイリッドの祝福「腐敗を臨む露台」から街道沿いの東にある荷車の宝箱(Ver1.02から追加),なし,31,12,-,-,-,通常,◯
番犬の大剣,./?%E7%95%AA%E7%8A%AC%E3%81%AE%E5%A4%A7%E5%89%A3,踏み込み(斬り上げ),./?%E8%B8%8F%E3%81%BF%E8%BE%BC%E3%81%BF%28%E6%96%AC%E3%82%8A%E4%B8%8A%E3%81%92%29,還樹の番犬（剣）がドロップ,なし,30,10,-,-,-,通常,◯
火の騎士の大剣,./?%E7%81%AB%E3%81%AE%E9%A8%8E%E5%A3%AB%E3%81%AE%E5%A4%A7%E5%89%A3,踏み込み(斬り上げ),./?%E8%B8%8F%E3%81%BF%E8%BE%BC%E3%81%BF%28%E6%96%AC%E3%82%8A%E4%B8%8A%E3%81%92%29,影の城などにいる火の騎士(特大剣)がドロップ,なし,22,18,0,12,0,通常,◯
トロルの黄金剣,./?%E3%83%88%E3%83%AD%E3%83%AB%E3%81%AE%E9%BB%84%E9%87%91%E5%89%A3,トロルの咆哮,./?%E3%83%88%E3%83%AD%E3%83%AB%E3%81%AE%E5%92%86%E5%93%AE,ルクスの廃墟東側の野営にある荷車の宝箱,なし,29,10,0,0,0,通常,◯
トロルの騎士剣,./?%E3%83%88%E3%83%AD%E3%83%AB%E3%81%AE%E9%A8%8E%E5%A3%AB%E5%89%A3,トロルの咆哮,./?%E3%83%88%E3%83%AD%E3%83%AB%E3%81%AE%E5%92%86%E5%93%AE,カーリアの城館のトロルがドロップ,なし,20,14,18,0,0,喪色,✕
ムーンリデルの騎士剣,./?%E3%83%A0%E3%83%BC%E3%83%B3%E3%83%AA%E3%83%87%E3%83%AB%E3%81%AE%E9%A8%8E%E5%A3%AB%E5%89%A3,巨剣陣,./?%E5%B7%A8%E5%89%A3%E9%99%A3%28%E6%88%A6%E6%8A%80%29,エンシスの城砦の敵対NPC「カーリア騎士、ムーンリデル」を倒す,なし,20,14,18,0,0,喪色,16(-/6)
王家のグレートソード,./?%E7%8E%8B%E5%AE%B6%E3%81%AE%E3%82%B0%E3%83%AC%E3%83%BC%E3%83%88%E3%82%BD%E3%83%BC%E3%83%89,狼の襲撃,./?%E7%8B%BC%E3%81%AE%E8%A5%B2%E6%92%83,魔女ラニのイベント完遂後、ラニの魔術師塔の前にいる半狼のブライヴを倒す,なし,26,18,22,0,0,喪色,✕
剣接ぎの大剣,./?%E5%89%A3%E6%8E%A5%E3%81%8E%E3%81%AE%E5%A4%A7%E5%89%A3,復讐の誓い,./?%E5%BE%A9%E8%AE%90%E3%81%AE%E8%AA%93%E3%81%84,モーンの城のボス「獅子の混種」を倒す,なし,40,14,0,0,0,喪色,✕
遺跡の大剣,./?%E9%81%BA%E8%B7%A1%E3%81%AE%E5%A4%A7%E5%89%A3,崩壊波,./?%E5%B4%A9%E5%A3%8A%E6%B3%A2,赤獅子城のボス「混種の戦士＆坩堝の騎士」を倒す,なし,50,0,16,0,0,喪色,✕
古隕鉄の大剣,./?%E5%8F%A4%E9%9A%95%E9%89%84%E3%81%AE%E5%A4%A7%E5%89%A3,白光の突撃,./?%E7%99%BD%E5%85%89%E3%81%AE%E7%AA%81%E6%92%83,古隕鉄の鍛冶遺跡の祭壇で拾う,なし,35,10,0,0,19,喪色,✕
星砕きの大剣,./?%E6%98%9F%E7%A0%95%E3%81%8D%E3%81%AE%E5%A4%A7%E5%89%A3,星呼び,./?%E6%98%9F%E5%91%BC%E3%81%B3,指読みエンヤで星砕きの追憶と交換,特定種族に対する特効 / 両手持ちで二刀流,38,12,15,0,0,喪色,✕
ラダーンの大剣(王),./?%E3%83%A9%E3%83%80%E3%83%BC%E3%83%B3%E3%81%AE%E5%A4%A7%E5%89%A3%28%E7%8E%8B%29,約束の王,./?%E7%B4%84%E6%9D%9F%E3%81%AE%E7%8E%8B,指読みエンヤで神と王の追憶と交換,両手持ちで二刀流,32,24,15,0,0,喪色,✕
ラダーンの大剣(光),./?%E3%83%A9%E3%83%80%E3%83%BC%E3%83%B3%E3%81%AE%E5%A4%A7%E5%89%A3%28%E5%85%89%29,光速斬,./?%E5%85%89%E9%80%9F%E6%96%AC,指読みエンヤで神と王の追憶と交換,両手持ちで二刀流,32,24,15,0,0,喪色,✕
神狩りの剣,./?%E7%A5%9E%E7%8B%A9%E3%82%8A%E3%81%AE%E5%89%A3,女王の黒炎,./?%E5%A5%B3%E7%8E%8B%E3%81%AE%E9%BB%92%E7%82%8E,ケイリッドの神授塔のボス「神肌の使徒」を撃破した先にある宝箱,なし,20,22,0,20,0,喪色,✕
マリケスの黒き剣,./?%E3%83%9E%E3%83%AA%E3%82%B1%E3%82%B9%E3%81%AE%E9%BB%92%E3%81%8D%E5%89%A3,運命の死,./?%E9%81%8B%E5%91%BD%E3%81%AE%E6%AD%BB,指読みエンヤで黒き剣の追憶と交換,なし,34,12,0,20,0,喪色,✕
レイピア,./?%E3%83%AC%E3%82%A4%E3%83%94%E3%82%A2,貫通突き,./?%E8%B2%AB%E9%80%9A%E7%AA%81%E3%81%8D,円卓にいる双子の老婆が販売（1000）,なし,7,12,0,0,0,通常,◯
エストック,./?%E3%82%A8%E3%82%B9%E3%83%88%E3%83%83%E3%82%AF,貫通突き,./?%E8%B2%AB%E9%80%9A%E7%AA%81%E3%81%8D,素性「囚人」の初期装備祝福「リエーニエ湖の岸辺」近くの放浪の民の商人またはパッチが販売（3000）,なし,11,13,0,0,0,通常,◯
貴人のエストック,./?%E8%B2%B4%E4%BA%BA%E3%81%AE%E3%82%A8%E3%82%B9%E3%83%88%E3%83%83%E3%82%AF,貫通突き,./?%E8%B2%AB%E9%80%9A%E7%AA%81%E3%81%8D,さまよえる貴人（刺剣）がドロップ,なし,9,10,0,0,0,通常,◯
貴腐騎士の剣,./?%E8%B2%B4%E8%85%90%E9%A8%8E%E5%A3%AB%E3%81%AE%E5%89%A3,貫通突き,./?%E8%B2%AB%E9%80%9A%E7%AA%81%E3%81%8D,各地の貴腐騎士がドロップ,なし,11,13,0,0,0,通常,◯
ロジェールの刺剣,./?%E3%83%AD%E3%82%B8%E3%82%A7%E3%83%BC%E3%83%AB%E3%81%AE%E5%88%BA%E5%89%A3,連続突き,./?%E9%80%A3%E7%B6%9A%E7%AA%81%E3%81%8D,魔術師ロジェールのイベントで入手(強化+8済み),なし,8,17,0,0,0,通常,◯
蟻棘のレイピア,./?%E8%9F%BB%E6%A3%98%E3%81%AE%E3%83%AC%E3%82%A4%E3%83%94%E3%82%A2,貫通突き,./?%E8%B2%AB%E9%80%9A%E7%AA%81%E3%81%8D,日陰城の西にいる敵対NPC「日陰の城主、マレー」を倒す,朱い腐敗の状態異常を蓄積する(50),10,20,0,0,0,通常,◯
氷結の針,./?%E6%B0%B7%E7%B5%90%E3%81%AE%E9%87%9D,貫通突き,./?%E8%B2%AB%E9%80%9A%E7%AA%81%E3%81%8D,王家領の廃墟の宝箱,冷気の状態異常を蓄積する(60),11,18,0,0,0,喪色,✕
カーリアの魔術剣,./?%E3%82%AB%E3%83%BC%E3%83%AA%E3%82%A2%E3%81%AE%E9%AD%94%E8%A1%93%E5%89%A3,貫通突き,./?%E8%B2%AB%E9%80%9A%E7%AA%81%E3%81%8D,エンシスの城砦の宝箱,強攻撃で魔術を使用,10,19,16,0,0,通常,✕
グレート・エペ,./?%E3%82%B0%E3%83%AC%E3%83%BC%E3%83%88%E3%83%BB%E3%82%A8%E3%83%9A,貫通突き,./?%E8%B2%AB%E9%80%9A%E7%AA%81%E3%81%8D,リムグレイブの祝福「アギール湖南」から東の遺跡にある野営地の宝箱(Ver1.02から追加),なし,15,16,0,0,0,通常,◯
神肌縫い,./?%E7%A5%9E%E8%82%8C%E7%B8%AB%E3%81%84,貫通突き,./?%E8%B2%AB%E9%80%9A%E7%AA%81%E3%81%8D,火山館で、ボス「神肌の貴種」を倒す,なし,14,17,0,0,0,通常,◯
クウィラインの大剣,./?%E3%82%AF%E3%82%A6%E3%82%A3%E3%83%A9%E3%82%A4%E3%83%B3%E3%81%AE%E5%A4%A7%E5%89%A3,貫通突き,./?%E8%B2%AB%E9%80%9A%E7%AA%81%E3%81%8D,火の騎士、クウィラインのイベントで入手,なし,14,18,0,12,0,通常,◯
血のヘリケー,./?%E8%A1%80%E3%81%AE%E3%83%98%E3%83%AA%E3%82%B1%E3%83%BC,王朝剣技,./?%E7%8E%8B%E6%9C%9D%E5%89%A3%E6%8A%80,アルター高原の血の蠢く廃墟にある宝箱,出血の状態異常を蓄積する（56）,16,19,0,0,17,喪色,✕
竜王の岩剣,./?%E7%AB%9C%E7%8E%8B%E3%81%AE%E5%B2%A9%E5%89%A3,雷雲の姿,./?%E9%9B%B7%E9%9B%B2%E3%81%AE%E5%A7%BF,指読みエンヤから竜王の追憶と交換する,竜に対する特効,18,37,0,0,0,喪色,✕
ソードランス,./?%E3%82%BD%E3%83%BC%E3%83%89%E3%83%A9%E3%83%B3%E3%82%B9,貫通突き,./?%E8%B2%AB%E9%80%9A%E7%AA%81%E3%81%8D,指読みエンヤから猪乗りの追憶と交換する,なし,21,11,0,0,0,通常,◯
シミター,./?%E3%82%B7%E3%83%9F%E3%82%BF%E3%83%BC,回転斬り,./?%E5%9B%9E%E8%BB%A2%E6%96%AC%E3%82%8A,円卓にいる双子の老婆が販売（600）スケルトン（曲剣+小盾）がドロップ素性「剣士」の初期装備（二本所持している）,なし,7,13,0,0,0,通常,◯
ファルシオン,./?%E3%83%95%E3%82%A1%E3%83%AB%E3%82%B7%E3%82%AA%E3%83%B3,回転斬り,./?%E5%9B%9E%E8%BB%A2%E6%96%AC%E3%82%8A,亜人がドロップ,なし,9,13,0,0,0,通常,◯
シャムシール,./?%E3%82%B7%E3%83%A3%E3%83%A0%E3%82%B7%E3%83%BC%E3%83%AB,回転斬り,./?%E5%9B%9E%E8%BB%A2%E6%96%AC%E3%82%8A,高路下の洞窟,なし,7,13,0,0,0,通常,◯
グロスメッサー,./?%E3%82%B0%E3%83%AD%E3%82%B9%E3%83%A1%E3%83%83%E3%82%B5%E3%83%BC,回転斬り,./?%E5%9B%9E%E8%BB%A2%E6%96%AC%E3%82%8A,スケルトン（曲剣）がドロップ(霊廟ヶ原の地下墓など),なし,14,12,0,0,0,通常,◯
山賊の湾刀,./?%E5%B1%B1%E8%B3%8A%E3%81%AE%E6%B9%BE%E5%88%80,回転斬り,./?%E5%9B%9E%E8%BB%A2%E6%96%AC%E3%82%8A,死に生きる者（二刀流）がドロップ(巡礼教会の墓地など),なし,11,13,0,0,0,通常,◯
ショーテル,./?%E3%82%B7%E3%83%A7%E3%83%BC%E3%83%86%E3%83%AB,回転斬り,./?%E5%9B%9E%E8%BB%A2%E6%96%AC%E3%82%8A,シーフラ河の取り残された商人が販売（2500）,ガード貫通,9,19,0,0,0,通常,◯
死体漁りの曲剣,./?%E6%AD%BB%E4%BD%93%E6%BC%81%E3%82%8A%E3%81%AE%E6%9B%B2%E5%89%A3,回転斬り,./?%E5%9B%9E%E8%BB%A2%E6%96%AC%E3%82%8A,ゲルミア火山の祝福「ゲルミア火山、一合目」から北西の岩を渡った先の遺体,出血の状態異常を蓄積する(45),9,14,0,0,0,通常,◯
蟷螂刀,./?%E8%9F%B7%E8%9E%82%E5%88%80,回転斬り,./?%E5%9B%9E%E8%BB%A2%E6%96%AC%E3%82%8A,ゲルミアの英雄墓にいる墓所影がドロップ,なし,10,12,0,0,0,通常,◯
獣人の曲刀,./?%E7%8D%A3%E4%BA%BA%E3%81%AE%E6%9B%B2%E5%88%80,回転斬り,./?%E5%9B%9E%E8%BB%A2%E6%96%AC%E3%82%8A,崩れゆくファルム・アズラにいるファルム・アズラの獣人（曲剣）がドロップ,なし,13,11,0,0,0,通常,◯
流水の曲剣,./?%E6%B5%81%E6%B0%B4%E3%81%AE%E6%9B%B2%E5%89%A3,回転斬り,./?%E5%9B%9E%E8%BB%A2%E6%96%AC%E3%82%8A,聖別雪原の祝福「聖別雪原、奥地」から南西を通る荷車の宝箱,なし,9,17,0,0,0,通常,◯
蛇神の曲刀,./?%E8%9B%87%E7%A5%9E%E3%81%AE%E6%9B%B2%E5%88%80,回転斬り,./?%E5%9B%9E%E8%BB%A2%E6%96%AC%E3%82%8A,古遺跡断崖,敵を倒した時、HPが回復する,13,9,0,0,0,通常,◯
溶岩刀,./?%E6%BA%B6%E5%B2%A9%E5%88%80,溶岩撒き,./?%E6%BA%B6%E5%B2%A9%E6%92%92%E3%81%8D,火山館にいるゲルミアの蛇人（溶岩刀）がドロップ,なし,9,15,0,16,0,喪色,✕
霊の剣,./?%E9%9C%8A%E3%81%AE%E5%89%A3,怨霊斬り,./?%E6%80%A8%E9%9C%8A%E6%96%AC%E3%82%8A,青海岸,なし,8,16,16,0,0,喪色,✕
ノクスの流体剣,./?%E3%83%8E%E3%82%AF%E3%82%B9%E3%81%AE%E6%B5%81%E4%BD%93%E5%89%A3,流体化,./?%E6%B5%81%E4%BD%93%E5%8C%96%28%E3%83%8E%E3%82%AF%E3%82%B9%E3%81%AE%E6%B5%81%E4%BD%93%E5%89%A3%29,魔術街サリアのボス「ノクスの剣士＆ノクスの僧」を倒す,ガード貫通,8,15,0,0,0,喪色,✕
アステールの薄羽,./?%E3%82%A2%E3%82%B9%E3%83%86%E3%83%BC%E3%83%AB%E3%81%AE%E8%96%84%E7%BE%BD,星雲,./?%E6%98%9F%E9%9B%B2,ウルの王朝遺跡の宝箱(エインセル河本流から進んだ先),特定種族に対する特効,7,17,20,0,0,喪色,✕
ファルクス,./?%E3%83%95%E3%82%A1%E3%83%AB%E3%82%AF%E3%82%B9,復讐の刃,./?%E5%BE%A9%E8%AE%90%E3%81%AE%E5%88%83,NPC「角人」のイベント,出血の状態異常を蓄積する(55) / 両手持ちで二刀流,12,15,0,0,0,喪色,✕
ラーナの舞踏剣,./?%E3%83%A9%E3%83%BC%E3%83%8A%E3%81%AE%E8%88%9E%E8%B8%8F%E5%89%A3,終わりなき舞い,./?%E7%B5%82%E3%82%8F%E3%82%8A%E3%81%AA%E3%81%8D%E8%88%9E%E3%81%84,南の無名霊廟のボス「ラーナの踊り子」を倒す,両手持ちで二刀流,9,20,0,0,0,喪色,✕
角の戦士の曲剣,./?%E8%A7%92%E3%81%AE%E6%88%A6%E5%A3%AB%E3%81%AE%E6%9B%B2%E5%89%A3,角降ろし,./?%E8%A7%92%E9%99%8D%E3%82%8D%E3%81%97,塔の街、ベルラートにいる角の戦士(曲剣)がドロップ,両手持ちで二刀流,11,14,0,14,0,喪色,✕
蝕のショーテル,./?%E8%9D%95%E3%81%AE%E3%82%B7%E3%83%A7%E3%83%BC%E3%83%86%E3%83%AB,死のフレア,./?%E6%AD%BB%E3%81%AE%E3%83%95%E3%83%AC%E3%82%A2,ソールの城砦の祝福「日蝕教会」の祭壇,ガード貫通,10,25,0,30,0,喪色,✕
斬馬刀,./?%E6%96%AC%E9%A6%AC%E5%88%80,回転斬り,./?%E5%9B%9E%E8%BB%A2%E6%96%AC%E3%82%8A,カイデン傭兵がドロップ,なし,19,16,0,0,0,通常,◯
忌み子の大刀,./?%E5%BF%8C%E3%81%BF%E5%AD%90%E3%81%AE%E5%A4%A7%E5%88%80,回転斬り,./?%E5%9B%9E%E8%BB%A2%E6%96%AC%E3%82%8A,忌み子（大曲剣）がドロップ,なし,19,16,0,0,0,通常,◯
僧兵の炎姿刀,./?%E5%83%A7%E5%85%B5%E3%81%AE%E7%82%8E%E5%A7%BF%E5%88%80,回転斬り,./?%E5%9B%9E%E8%BB%A2%E6%96%AC%E3%82%8A,巨人戦争の英雄墓にいる炎の僧兵（大曲剣）がドロップ,なし,18,18,0,0,0,通常,◯
獣人の大曲刀,./?%E7%8D%A3%E4%BA%BA%E3%81%AE%E5%A4%A7%E6%9B%B2%E5%88%80,回転斬り,./?%E5%9B%9E%E8%BB%A2%E6%96%AC%E3%82%8A,ファルム・アズラの獣人（大曲剣）がドロップ,なし,25,14,0,0,0,通常,◯
フレイヤの大剣,./?%E3%83%95%E3%83%AC%E3%82%A4%E3%83%A4%E3%81%AE%E5%A4%A7%E5%89%A3,回転斬り,./?%E5%9B%9E%E8%BB%A2%E6%96%AC%E3%82%8A,エニル・イリムで「針の騎士、レダ」と同志たち撃破後に拾う,獅子の戦技を強化する,25,14,0,0,0,通常,◯
猟犬の長牙,./?%E7%8C%9F%E7%8A%AC%E3%81%AE%E9%95%B7%E7%89%99,猟犬の剣技,./?%E7%8C%9F%E7%8A%AC%E3%81%AE%E5%89%A3%E6%8A%80,主なき猟犬の封牢で猟犬騎士ダリウィルを倒す,出血の状態異常を蓄積する（55） / ジャンプ攻撃強化,18,17,0,0,0,喪色,✕
黒王の大剣,./?%E9%BB%92%E7%8E%8B%E3%81%AE%E5%A4%A7%E5%89%A3,黒王の斥力波,./?%E9%BB%92%E7%8E%8B%E3%81%AE%E6%96%A5%E5%8A%9B%E6%B3%A2,封印された坑道のボス「石肌の黒王」を倒す,特定種族に対する特効,20,16,16,0,0,喪色,✕
ザミェルの湾刀,./?%E3%82%B6%E3%83%9F%E3%82%A7%E3%83%AB%E3%81%AE%E6%B9%BE%E5%88%80,ザミェルの氷嵐,./?%E3%82%B6%E3%83%9F%E3%82%A7%E3%83%AB%E3%81%AE%E6%B0%B7%E5%B5%90%28%E6%88%A6%E6%8A%80%29,巨人戦争の英雄墓のボス「ザミェルの古英雄」を倒す,冷気の状態異常を蓄積する(65),16,18,0,0,0,喪色,✕
土竜の鱗剣,./?%E5%9C%9F%E7%AB%9C%E3%81%AE%E9%B1%97%E5%89%A3,溶岩ギロチン,./?%E6%BA%B6%E5%B2%A9%E3%82%AE%E3%83%AD%E3%83%81%E3%83%B3,古遺跡断崖のボス「溶岩土竜、マカール」を倒す,なし,24,15,0,18,0,喪色,✕
角の戦士の大曲剣,./?%E8%A7%92%E3%81%AE%E6%88%A6%E5%A3%AB%E3%81%AE%E5%A4%A7%E6%9B%B2%E5%89%A3,角降ろし・嵐,./?%E8%A7%92%E9%99%8D%E3%82%8D%E3%81%97%E3%83%BB%E5%B5%90,エニル・イリムの祝福「清めの間、前室」の前にいる神獣の戦士が確定ドロップ,なし,19,16,0,13,0,喪色,✕
モーゴットの呪剣,./?%E3%83%A2%E3%83%BC%E3%82%B4%E3%83%83%E3%83%88%E3%81%AE%E5%91%AA%E5%89%A3,呪血の斬撃,./?%E5%91%AA%E8%A1%80%E3%81%AE%E6%96%AC%E6%92%83,指読みエンヤで忌み王の追憶と交換する,出血の状態異常を蓄積する（61）,14,35,0,0,17,喪色,✕
逆手剣,./?%E9%80%86%E6%89%8B%E5%89%A3,死角の一撃,./?%E6%AD%BB%E8%A7%92%E3%81%AE%E4%B8%80%E6%92%83,墓地平原の祝福「火に焼かれた廃墟」から北北東にある石棺で拾う,両手持ちで二刀流,10,13,0,0,0,通常,◯
流紋の円刃,./?%E6%B5%81%E7%B4%8B%E3%81%AE%E5%86%86%E5%88%83,死角の一撃,./?%E6%AD%BB%E8%A7%92%E3%81%AE%E4%B8%80%E6%92%83,古隕鉄の鍛冶遺跡で拾う,特定の攻撃で投擲 / 両手持ちで二刀流,9,14,11,11,0,通常,◯
呪剣士の円刃,./?%E5%91%AA%E5%89%A3%E5%A3%AB%E3%81%AE%E5%86%86%E5%88%83,災いの舞い,./?%E7%81%BD%E3%81%84%E3%81%AE%E8%88%9E%E3%81%84,呪剣士がドロップ(墓地平原や塔の街、ベルラートなど),出血を蓄積(45) / 両手持ちで二刀流,9,22,0,0,0,喪色,✕
打刀,./?%E6%89%93%E5%88%80,居合,./?%E5%B1%85%E5%90%88,素性「侍」の初期装備 / 死に触れた地下墓の遺体(Ver1.02から追加),出血の状態異常を蓄積する(45),11,15,0,0,0,通常,◯
長牙,./?%E9%95%B7%E7%89%99,居合,./?%E5%B1%85%E5%90%88,血の指の狩人、ユラのイベント進行,出血の状態異常を蓄積する(45),18,22,0,0,0,通常,◯
蛇骨の刀,./?%E8%9B%87%E9%AA%A8%E3%81%AE%E5%88%80,二連斬り,./?%E4%BA%8C%E9%80%A3%E6%96%AC%E3%82%8A,火山館のNPCイベントで2個目の依頼を達成後、火山館の主人、タニスに報告する,毒の状態異常を蓄積する(66),11,22,0,0,0,通常,✕
隕鉄の刀,./?%E9%9A%95%E9%89%84%E3%81%AE%E5%88%80,グラビタス,./?%E3%82%B0%E3%83%A9%E3%83%93%E3%82%BF%E3%82%B9,ケイリッドにあるケイリッドの宿場跡地下室の宝箱,出血の状態異常を蓄積する(50) / 特定種族に対する特効,15,14,18,0,0,喪色,✕
名刀月隠,./?%E5%90%8D%E5%88%80%E6%9C%88%E9%9A%A0,束の間の月影,./?%E6%9D%9F%E3%81%AE%E9%96%93%E3%81%AE%E6%9C%88%E5%BD%B1,ゲール坑道のボス「溶岩土竜」を倒す,出血の状態異常を蓄積する(50),12,18,23,0,0,喪色,✕
夜の刃,./?%E5%A4%9C%E3%81%AE%E5%88%83,夜闇の斬撃,./?%E5%A4%9C%E9%97%87%E3%81%AE%E6%96%AC%E6%92%83,NPC「大司祭、ユミル卿」と「夜の剣士、ヨラーン」のイベントを進め、ヨラーンに暗闇の瞳膜を使用する,出血の状態異常を蓄積する（45） / ガード貫通,11,20,0,0,0,喪色,✕
屍山血河,./?%E5%B1%8D%E5%B1%B1%E8%A1%80%E6%B2%B3,死屍累々,./?%E6%AD%BB%E5%B1%8D%E7%B4%AF%E3%80%85,安息教会で侵入してくる敵対NPC「翁」を倒す,出血の状態異常を蓄積する(50),12,18,0,0,20,喪色,✕
竜鱗刀,./?%E7%AB%9C%E9%B1%97%E5%88%80,氷雷剣,./?%E6%B0%B7%E9%9B%B7%E5%89%A3,腐れ湖の湖中央から少し南東の場所にいるボス「竜人兵」を倒す,竜に対する特効,12,20,0,0,0,喪色,✕
連星剣,./?%E9%80%A3%E6%98%9F%E5%89%A3,オンジの連星,./?%E3%82%AA%E3%83%B3%E3%82%B8%E3%81%AE%E9%80%A3%E6%98%9F,青海岸のボス「亜人の女王マルガ」を倒す,出血の状態異常を蓄積する(45),10,23,21,0,0,喪色,✕
マレニアの義手刀,./?%E3%83%9E%E3%83%AC%E3%83%8B%E3%82%A2%E3%81%AE%E7%BE%A9%E6%89%8B%E5%88%80,水鳥乱舞,./?%E6%B0%B4%E9%B3%A5%E4%B9%B1%E8%88%9E,指読みエンヤで腐敗の女神の追憶と交換する,出血の状態異常を蓄積する(50),16,48,0,0,0,喪色,✕
大刀,./?%E5%A4%A7%E5%88%80%28%E6%AD%A6%E5%99%A8%29,大上段,./?%E5%A4%A7%E4%B8%8A%E6%AE%B5,墓地平原の祝福「大橋の北」西側の沼、霊炎竜付近の遺体,出血の状態異常を蓄積する(55),14,18,0,0,0,通常,◯
竜狩りの大刀,./?%E7%AB%9C%E7%8B%A9%E3%82%8A%E3%81%AE%E5%A4%A7%E5%88%80,竜傷斬り,./?%E7%AB%9C%E5%82%B7%E6%96%AC%E3%82%8A,竜の穴のボス「古竜人」を倒す,出血の状態異常を蓄積する(55) / 竜に対する特効,15,20,0,0,0,喪色,✕
羅刹の大刀,./?%E7%BE%85%E5%88%B9%E3%81%AE%E5%A4%A7%E5%88%80,草刈り,./?%E8%8D%89%E5%88%88%E3%82%8A,東の無名霊廟のボス「羅刹」を倒す,出血の状態異常を蓄積する(55) / 攻撃時怯みにくくなる / 攻撃時に被ダメージ+10%(デメリット),12,27,0,0,0,喪色,✕
ツインブレード,./?%E3%83%84%E3%82%A4%E3%83%B3%E3%83%96%E3%83%AC%E3%83%BC%E3%83%89,回転斬り,./?%E5%9B%9E%E8%BB%A2%E6%96%AC%E3%82%8A,竜に焼かれた廃墟の地下室にある宝箱,なし,10,18,0,0,0,通常,◯
ツインナイトソード,./?%E3%83%84%E3%82%A4%E3%83%B3%E3%83%8A%E3%82%A4%E3%83%88%E3%82%BD%E3%83%BC%E3%83%89,回転斬り,./?%E5%9B%9E%E8%BB%A2%E6%96%AC%E3%82%8A,東の風車牧場の遺体,なし,16,18,0,0,0,通常,◯
黒鉄の両刃剣,./?%E9%BB%92%E9%89%84%E3%81%AE%E4%B8%A1%E5%88%83%E5%89%A3,回転斬り,./?%E5%9B%9E%E8%BB%A2%E6%96%AC%E3%82%8A,聖戦教会から北東の高台キャンプにいる黒騎士（両刃剣）が確定ドロップ,なし,18,15,0,13,0,通常,◯
神肌剥ぎ,./?%E7%A5%9E%E8%82%8C%E5%89%A5%E3%81%8E,黒炎の渦,./?%E9%BB%92%E7%82%8E%E3%81%AE%E6%B8%A6,風車村ドミヌラのボス「神肌の使徒」を倒す,なし,17,22,0,0,0,通常,◯
ガーゴイルの両刃剣,./?%E3%82%AC%E3%83%BC%E3%82%B4%E3%82%A4%E3%83%AB%E3%81%AE%E4%B8%A1%E5%88%83%E5%89%A3,回転斬り,./?%E5%9B%9E%E8%BB%A2%E6%96%AC%E3%82%8A,永遠の都、ノクローンのボス「英雄のガーゴイル」を倒す,なし,18,15,0,0,0,通常,◯
ガーゴイルの黒両刃,./?%E3%82%AC%E3%83%BC%E3%82%B4%E3%82%A4%E3%83%AB%E3%81%AE%E9%BB%92%E4%B8%A1%E5%88%83,回転斬り,./?%E5%9B%9E%E8%BB%A2%E6%96%AC%E3%82%8A,禁域でボス「黒き剣の眷属」を倒す,なし,18,15,0,22,0,喪色,✕
エレオノーラの双薙刀,./?%E3%82%A8%E3%83%AC%E3%82%AA%E3%83%8E%E3%83%BC%E3%83%A9%E3%81%AE%E5%8F%8C%E8%96%99%E5%88%80,血刃乱舞,./?%E8%A1%80%E5%88%83%E4%B9%B1%E8%88%9E,血の指の狩人、ユラのイベントを進め、第二マリカ教会で「純紫の血指、エレオノーラ」を倒す,出血の状態異常を蓄積する(33),12,21,0,0,19,喪色,✕
エウポリア,./?%E3%82%A8%E3%82%A6%E3%83%9D%E3%83%AA%E3%82%A2,エウポリアの渦,./?%E3%82%A8%E3%82%A6%E3%83%9D%E3%83%AA%E3%82%A2%E3%81%AE%E6%B8%A6,エニル・イリム(塔の街、ベルラート)で拾う,なし,16,16,0,24,0,喪色,✕
ハンドアクス,./?%E3%83%8F%E3%83%B3%E3%83%89%E3%82%A2%E3%82%AF%E3%82%B9,クイックステップ,./?%E3%82%AF%E3%82%A4%E3%83%83%E3%82%AF%E3%82%B9%E3%83%86%E3%83%83%E3%83%97,ハイト砦の北西にいる放浪の商人が販売（600ルーン）,なし,9,8,0,0,0,通常,◯
二又の手斧,./?%E4%BA%8C%E5%8F%88%E3%81%AE%E6%89%8B%E6%96%A7,クイックステップ,./?%E3%82%AF%E3%82%A4%E3%83%83%E3%82%AF%E3%82%B9%E3%83%86%E3%83%83%E3%83%97,各地にいるインプ（斧）がドロップ,出血の状態異常を蓄積する(50),9,14,0,0,0,通常,◯
二又舌の手斧,./?%E4%BA%8C%E5%8F%88%E8%88%8C%E3%81%AE%E6%89%8B%E6%96%A7,竜姿の炎,./?%E7%AB%9C%E5%A7%BF%E3%81%AE%E7%82%8E,影の地にいるインプ(斧)がドロップ,出血の状態異常を蓄積する(50),10,13,0,0,0,通常,✕
バトルアクス,./?%E3%83%90%E3%83%88%E3%83%AB%E3%82%A2%E3%82%AF%E3%82%B9,乱撃,./?%E4%B9%B1%E6%92%83,素性｢勇者｣の初期装備円卓にいる双子の老婆が販売（800）,なし,12,8,0,0,0,通常,◯
メスメル兵の斧,./?%E3%83%A1%E3%82%B9%E3%83%A1%E3%83%AB%E5%85%B5%E3%81%AE%E6%96%A7,ウォークライ,./?%E3%82%A6%E3%82%A9%E3%83%BC%E3%82%AF%E3%83%A9%E3%82%A4,メスメル兵がドロップ,タメ攻撃の威力上昇,14,10,0,0,0,通常,◯
歪んだ斧,./?%E6%AD%AA%E3%82%93%E3%81%A0%E6%96%A7,ウォークライ,./?%E3%82%A6%E3%82%A9%E3%83%BC%E3%82%AF%E3%83%A9%E3%82%A4,忌み子（斧）がドロップ（アルター高原など）,なし,24,8,0,0,0,通常,◯
歯列の斧,./?%E6%AD%AF%E5%88%97%E3%81%AE%E6%96%A7,乱撃,./?%E4%B9%B1%E6%92%83,祖霊の民の戦士がドロップ(シーフラ河など),なし,14,8,0,0,0,通常,◯
鉄の鉈,./?%E9%89%84%E3%81%AE%E9%89%88,乱撃,./?%E4%B9%B1%E6%92%83,混種がドロップ(モーンの城など),なし,15,7,0,0,0,通常,◯
ハイランドアクス,./?%E3%83%8F%E3%82%A4%E3%83%A9%E3%83%B3%E3%83%89%E3%82%A2%E3%82%AF%E3%82%B9,ウォークライ,./?%E3%82%A6%E3%82%A9%E3%83%BC%E3%82%AF%E3%83%A9%E3%82%A4,ストームヴィル城の遺体(ゴッドフレイの肖像画下)(Ver1.02から追加),咆哮を強化,12,9,0,0,0,通常,◯
流紋の斧,./?%E6%B5%81%E7%B4%8B%E3%81%AE%E6%96%A7,乱撃,./?%E4%B9%B1%E6%92%83,ラウフの麓にあるテウルの鍛冶遺跡で拾う,特定の攻撃で投擲,13,10,11,11,0,通常,◯
祝祭の鉈,./?%E7%A5%9D%E7%A5%AD%E3%81%AE%E9%89%88,乱撃,./?%E4%B9%B1%E6%92%83,ドミヌラの踊り子（鉈）がドロップ（風車村ドミヌラなど）,攻撃ヒット時ルーン獲得（+10）,12,8,0,0,0,通常,◯
生贄の斧,./?%E7%94%9F%E8%B4%84%E3%81%AE%E6%96%A7,乱撃,./?%E4%B9%B1%E6%92%83,啜り泣きの半島のボス「死の鳥」がドロップ,敵を倒す度にFP4回復,16,10,0,0,0,通常,◯
氷殻の斧,./?%E6%B0%B7%E6%AE%BB%E3%81%AE%E6%96%A7,霜踏み,./?%E9%9C%9C%E8%B8%8F%E3%81%BF,聖堂区画にある宝箱(Ver1.02から追加),冷気の状態異常を蓄積する（65） / 竜に対する特効,11,16,0,0,0,喪色,✕
波紋の剣,./?%E6%B3%A2%E7%B4%8B%E3%81%AE%E5%89%A3,乱撃,./?%E4%B9%B1%E6%92%83,召使いのピディが販売（3500）,エンチャント可,11,11,0,0,20,通常,✕
嵐鷹の斧,./?%E5%B5%90%E9%B7%B9%E3%81%AE%E6%96%A7,雷嵐,./?%E9%9B%B7%E5%B5%90,王都ローデイルとソールの城砦の遺体戦士ネフェリ・ルーの殺害,なし,19,15,0,0,0,喪色,✕
ローゼスの斧,./?%E3%83%AD%E3%83%BC%E3%82%BC%E3%82%B9%E3%81%AE%E6%96%A7,ローゼスの呼び声,./?%E3%83%AD%E3%83%BC%E3%82%BC%E3%82%B9%E3%81%AE%E5%91%BC%E3%81%B3%E5%A3%B0,黒き刃の地下墓のインプ像の封印を解いた先の遺体,なし,18,10,18,0,0,喪色,✕
死の騎士の双斧,./?%E6%AD%BB%E3%81%AE%E9%A8%8E%E5%A3%AB%E3%81%AE%E5%8F%8C%E6%96%A7,瞬雷・双斧,./?%E7%9E%AC%E9%9B%B7%E3%83%BB%E5%8F%8C%E6%96%A7,霧谷の地下墓のボス「死の騎士」を倒す,両手持ちで二刀流,14,12,0,16,0,喪色,✕
グレートアクス,./?%E3%82%B0%E3%83%AC%E3%83%BC%E3%83%88%E3%82%A2%E3%82%AF%E3%82%B9,野蛮な咆哮,./?%E9%87%8E%E8%9B%AE%E3%81%AA%E5%92%86%E5%93%AE,アギール湖北東側街道を移動している荷車の宝箱,なし,30,8,0,0,0,通常,◯
三日月斧,./?%E4%B8%89%E6%97%A5%E6%9C%88%E6%96%A7,ウォークライ,./?%E3%82%A6%E3%82%A9%E3%83%BC%E3%82%AF%E3%83%A9%E3%82%A4,ストームヴィル城などにいる流刑兵（大斧）がドロップ,なし,25,15,0,0,0,通常,◯
長柄鉈,./?%E9%95%B7%E6%9F%84%E9%89%88,ウォークライ,./?%E3%82%A6%E3%82%A9%E3%83%BC%E3%82%AF%E3%83%A9%E3%82%A4,ウロコの混種がドロップ,攻撃時の強靭に補正,24,8,0,0,0,通常,◯
断胴の大鉈,./?%E6%96%AD%E8%83%B4%E3%81%AE%E5%A4%A7%E9%89%88,ウォークライ,./?%E3%82%A6%E3%82%A9%E3%83%BC%E3%82%AF%E3%83%A9%E3%82%A4,死に生きる者（大斧）がドロップ,なし,34,8,0,0,0,通常,◯
忌み潰しの大鉈,./?%E5%BF%8C%E3%81%BF%E6%BD%B0%E3%81%97%E3%81%AE%E5%A4%A7%E9%89%88,乱撃,./?%E4%B9%B1%E6%92%83,調香師の隠し洞窟のボス「忌み潰し＆病み花、ミランダ」を倒す / 火山館等に出現する、忌み潰しがドロップ,出血の状態異常を蓄積する（55）,23,12,0,0,0,通常,◯
錆び付いた錨,./?%E9%8C%86%E3%81%B3%E4%BB%98%E3%81%84%E3%81%9F%E9%8C%A8,野蛮な咆哮,./?%E9%87%8E%E8%9B%AE%E3%81%AA%E5%92%86%E5%93%AE,モーンの坑道のボス「ウロコの混種」を倒す,なし,26,9,0,0,0,通常,◯
解体包丁,./?%E8%A7%A3%E4%BD%93%E5%8C%85%E4%B8%81,野蛮な咆哮,./?%E9%87%8E%E8%9B%AE%E3%81%AA%E5%92%86%E5%93%AE,死体臭のボロ家で侵入してくる褪せ人喰い、アナスタシアを倒す,攻撃命中時、最大HPの1%を回復する,16,20,0,0,0,通常,◯
ボニの解体包丁,./?%E3%83%9C%E3%83%8B%E3%81%AE%E8%A7%A3%E4%BD%93%E5%8C%85%E4%B8%81,刃研ぎ,./?%E5%88%83%E7%A0%94%E3%81%8E,ボニ村で拾う,攻撃命中時、最大HPの1%を回復する,16,20,0,0,-,喪色,✕
ガーゴイルの大斧,./?%E3%82%AC%E3%83%BC%E3%82%B4%E3%82%A4%E3%83%AB%E3%81%AE%E5%A4%A7%E6%96%A7,ウォークライ,./?%E3%82%A6%E3%82%A9%E3%83%BC%E3%82%AF%E3%83%A9%E3%82%A4,王都外廓の祝福「外廓の幻影樹」北東の階段でガーゴイルを倒す,なし,24,8,0,0,0,通常,◯
ガーゴイルの黒斧,./?%E3%82%AC%E3%83%BC%E3%82%B4%E3%82%A4%E3%83%AB%E3%81%AE%E9%BB%92%E6%96%A7,ウォークライ,./?%E3%82%A6%E3%82%A9%E3%83%BC%E3%82%AF%E3%83%A9%E3%82%A4,禁域にいるボス「黒き剣の眷属」を倒す,なし,24,8,0,22,0,喪色,✕
死の騎士の長柄斧,./?%E6%AD%BB%E3%81%AE%E9%A8%8E%E5%A3%AB%E3%81%AE%E9%95%B7%E6%9F%84%E6%96%A7,瞬雷・長柄斧,./?%E7%9E%AC%E9%9B%B7%E3%83%BB%E9%95%B7%E6%9F%84%E6%96%A7,サソリ川の地下墓のボス「死の騎士」を倒す,なし,23,10,0,18,0,喪色,✕
翼の大角,./?%E7%BF%BC%E3%81%AE%E5%A4%A7%E8%A7%92,霊障招き,./?%E9%9C%8A%E9%9A%9C%E6%8B%9B%E3%81%8D,指読みエンヤで祖霊の王の追憶と交換する,なし,30,20,0,0,0,喪色,✕
ゴドリックの王斧,./?%E3%82%B4%E3%83%89%E3%83%AA%E3%83%83%E3%82%AF%E3%81%AE%E7%8E%8B%E6%96%A7,地に伏せよ！,./?%E5%9C%B0%E3%81%AB%E4%BC%8F%E3%81%9B%E3%82%88%EF%BC%81,指読みエンヤで接ぎ木の追憶と交換する,なし,34,22,0,0,0,喪色,✕
泥濘の大鉈,./?%E6%B3%A5%E6%BF%98%E3%81%AE%E5%A4%A7%E9%89%88,回転ギロチン,./?%E5%9B%9E%E8%BB%A2%E3%82%AE%E3%83%AD%E3%83%81%E3%83%B3,指読みエンヤで泥濘の追憶と交換する,冷気の状態異常を蓄積する(55),28,10,0,0,15,喪色,✕
クラブ,./?%E3%82%AF%E3%83%A9%E3%83%96,野蛮な咆哮,./?%E9%87%8E%E8%9B%AE%E3%81%AA%E5%92%86%E5%93%AE,素寒貧の初期装備 / 放浪の民の商人（リムグレイブ西海岸）が販売 / 亜人がドロップ,なし,10,0,0,0,0,通常,◯
曲り棍棒,./?%E6%9B%B2%E3%82%8A%E6%A3%8D%E6%A3%92,野蛮な咆哮,./?%E9%87%8E%E8%9B%AE%E3%81%AA%E5%92%86%E5%93%AE,第二世代しろがね人がドロップ,なし,11,7,0,0,0,通常,◯
牙付き棍棒,./?%E7%89%99%E4%BB%98%E3%81%8D%E6%A3%8D%E6%A3%92,野蛮な咆哮,./?%E9%87%8E%E8%9B%AE%E3%81%AA%E5%92%86%E5%93%AE,亜人（大）がドロップ,出血の状態異常を蓄積する(50),12,7,0,0,0,通常,◯
石の棍棒,./?%E7%9F%B3%E3%81%AE%E6%A3%8D%E6%A3%92,キック,./?%E3%82%AD%E3%83%83%E3%82%AF,戦魔術師がドロップ,なし,16,8,0,0,0,通常,◯
メイス,./?%E3%83%A1%E3%82%A4%E3%82%B9,キック,./?%E3%82%AD%E3%83%83%E3%82%AF,円卓にいる双子の老婆が販売,なし,12,7,0,0,0,通常,◯
モーニングスター,./?%E3%83%A2%E3%83%BC%E3%83%8B%E3%83%B3%E3%82%B0%E3%82%B9%E3%82%BF%E3%83%BC,キック,./?%E3%82%AD%E3%83%83%E3%82%AF,啜り泣きの半島の祝福「贄送りの大橋」から南の街道沿いにある倒れた荷車の宝箱,出血の状態異常を蓄積する(50),12,8,0,0,0,通常,◯
ウォーピック,./?%E3%82%A6%E3%82%A9%E3%83%BC%E3%83%94%E3%83%83%E3%82%AF,キック,./?%E3%82%AD%E3%83%83%E3%82%AF,君主軍の兵士（槌）がドロップ,なし,11,9,0,0,0,通常,◯
ハンマー,./?%E3%83%8F%E3%83%B3%E3%83%9E%E3%83%BC,キック,./?%E3%82%AD%E3%83%83%E3%82%AF,王都ローデイルの城館二階で拾う,なし,14,7,0,0,0,通常,◯
僧兵の炎姿槌,./?%E5%83%A7%E5%85%B5%E3%81%AE%E7%82%8E%E5%A7%BF%E6%A7%8C,キック,./?%E3%82%AD%E3%83%83%E3%82%AF,火の僧兵（槌）がドロップ,なし,13,13,0,0,0,通常,◯
ヴァレーの花束,./?%E3%83%B4%E3%82%A1%E3%83%AC%E3%83%BC%E3%81%AE%E8%8A%B1%E6%9D%9F,血の徴収,./?%E8%A1%80%E3%81%AE%E5%BE%B4%E5%8F%8E,白面のヴァレーのイベント,出血の状態異常を蓄積する(65) / エンチャント可能,8,16,0,0,24,喪色,✕
使者たちの笛,./?%E4%BD%BF%E8%80%85%E3%81%9F%E3%81%A1%E3%81%AE%E7%AC%9B,神託のシャボン(戦技),./?%E7%A5%9E%E8%A8%97%E3%81%AE%E3%82%B7%E3%83%A3%E3%83%9C%E3%83%B3%28%E6%88%A6%E6%8A%80%29,神託の使者（小）がドロップ,なし,10,12,0,16,0,喪色,✕
ノクスの流体槌,./?%E3%83%8E%E3%82%AF%E3%82%B9%E3%81%AE%E6%B5%81%E4%BD%93%E6%A7%8C,流体化,./?%E6%B5%81%E4%BD%93%E5%8C%96%28%E3%83%8E%E3%82%AF%E3%82%B9%E3%81%AE%E6%B5%81%E4%BD%93%E6%A7%8C%29,永遠の都、ノクローンの夜の神域でインプ像がある通路の窓から伝った先の遺体,なし,17,7,0,0,0,喪色,✕
指輪指,./?%E6%8C%87%E8%BC%AA%E6%8C%87,爪弾き,./?%E7%88%AA%E5%BC%BE%E3%81%8D,ゲルミアの英雄墓の最初の坂の最奥にある宝箱,なし,15,9,0,0,0,喪色,✕
百智の王笏,./?%E7%99%BE%E6%99%BA%E3%81%AE%E7%8E%8B%E7%AC%8F,百智の世界,./?%E7%99%BE%E6%99%BA%E3%81%AE%E4%B8%96%E7%95%8C,灰都ローデイルで「百智卿、ギデオン＝オーフニール」を倒す,なし,12,18,21,0,0,喪色,✕
花岩の槌,./?%E8%8A%B1%E5%B2%A9%E3%81%AE%E6%A7%8C,花の竜雷,./?%E8%8A%B1%E3%81%AE%E7%AB%9C%E9%9B%B7,暴竜ベール撃破後、竜餐の大祭壇で拾う（ティエリエの秘薬を含ませていない場合）,竜に対する特効,14,8,0,0,15,喪色,✕
マリカの槌,./?%E3%83%9E%E3%83%AA%E3%82%AB%E3%81%AE%E6%A7%8C,黄金砕き,./?%E9%BB%84%E9%87%91%E7%A0%95%E3%81%8D,指読みエンヤからエルデの追憶と交換,なし,20,12,0,19,0,喪色,✕
フレイル,./?%E3%83%95%E3%83%AC%E3%82%A4%E3%83%AB%28%E6%AD%A6%E5%99%A8%29,鎖回し,./?%E9%8E%96%E5%9B%9E%E3%81%97,関門前の廃墟の荷車にある宝箱聖職者コリンのイベント進行または殺害,出血の状態異常を蓄積する(50),10,18,0,0,0,通常,◯
夜騎兵のフレイル,./?%E5%A4%9C%E9%A8%8E%E5%85%B5%E3%81%AE%E3%83%95%E3%83%AC%E3%82%A4%E3%83%AB,鎖回し,./?%E9%8E%96%E5%9B%9E%E3%81%97,啜り泣きの半島に出現するボス「夜の騎兵」がドロップ,出血の状態異常を蓄積する（50）,10,24,0,0,0,通常,◯
連接棍,./?%E9%80%A3%E6%8E%A5%E6%A3%8D,鎖回し,./?%E9%8E%96%E5%9B%9E%E3%81%97,かぼちゃ兜の狂兵(フレイル)がドロップ,出血の状態異常を蓄積する(50),18,12,0,0,0,通常,◯
家族の首,./?%E5%AE%B6%E6%97%8F%E3%81%AE%E9%A6%96,家族の怨霊,./?%E5%AE%B6%E6%97%8F%E3%81%AE%E6%80%A8%E9%9C%8A,賢者の洞窟のボス「死術師ガレス」を倒す,なし,8,18,16,0,0,喪色,✕
蛇のフレイル,./?%E8%9B%87%E3%81%AE%E3%83%95%E3%83%AC%E3%82%A4%E3%83%AB,蛇よ燃えろ,./?%E8%9B%87%E3%82%88%E7%87%83%E3%81%88%E3%82%8D,霧谷の砦の宝箱,なし,10,24,0,21,0,喪色,✕
落とし子の星々,./?%E8%90%BD%E3%81%A8%E3%81%97%E5%AD%90%E3%81%AE%E6%98%9F%E3%80%85,星雲,./?%E6%98%9F%E9%9B%B2%28%E8%90%BD%E3%81%A8%E3%81%97%E5%AD%90%E3%81%AE%E6%98%9F%E3%80%85%29,指読みエンヤで暗黒の落とし子の追憶と交換する,特定種族に対する特効,8,22,22,0,0,喪色,✕
ラージクラブ,./?%E3%83%A9%E3%83%BC%E3%82%B8%E3%82%AF%E3%83%A9%E3%83%96,野蛮な咆哮,./?%E9%87%8E%E8%9B%AE%E3%81%AA%E5%92%86%E5%93%AE,リムグレイブの主なき猟犬の封牢から南の崖下、近くに霊気流がある断崖付近の遺体,なし,22,0,0,0,0,通常,◯
曲り大棍棒,./?%E6%9B%B2%E3%82%8A%E5%A4%A7%E6%A3%8D%E6%A3%92,野蛮な咆哮,./?%E9%87%8E%E8%9B%AE%E3%81%AA%E5%92%86%E5%93%AE,第二世代しろがね人（大）がドロップ,なし,24,10,0,0,0,通常,◯
グレートメイス,./?%E3%82%B0%E3%83%AC%E3%83%BC%E3%83%88%E3%83%A1%E3%82%A4%E3%82%B9,我慢,./?%E6%88%91%E6%85%A2,ベイルム教会の北東にある野営地の宝箱,なし,28,0,0,0,0,通常,◯
つるはし,./?%E3%81%A4%E3%82%8B%E3%81%AF%E3%81%97,我慢,./?%E6%88%91%E6%85%A2,石掘りがドロップ,大斧と二刀流,22,10,0,0,0,通常,◯
積石の槌,./?%E7%A9%8D%E7%9F%B3%E3%81%AE%E6%A7%8C,野蛮な咆哮,./?%E9%87%8E%E8%9B%AE%E3%81%AA%E5%92%86%E5%93%AE,ストームヴィル城の遺体,なし,31,0,0,0,0,通常,◯
バトルハンマー,./?%E3%83%90%E3%83%88%E3%83%AB%E3%83%8F%E3%83%B3%E3%83%9E%E3%83%BC,誇示する咆哮,./?%E8%AA%87%E7%A4%BA%E3%81%99%E3%82%8B%E5%92%86%E5%93%AE,王都ローデイルの墓守闘士（大槌）がドロップ,なし,26,8,0,0,0,通常,◯
腐敗したバトルハンマー,./?%E8%85%90%E6%95%97%E3%81%97%E3%81%9F%E3%83%90%E3%83%88%E3%83%AB%E3%83%8F%E3%83%B3%E3%83%9E%E3%83%BC,誇示する咆哮,./?%E8%AA%87%E7%A4%BA%E3%81%99%E3%82%8B%E5%92%86%E5%93%AE,聖別雪原の祝福「聖別雪原」から北西にいる腐敗した闘士がドロップ,朱い腐敗の状態異常を蓄積する(65),26,8,0,0,0,通常,◯
祝祭の大頭蓋,./?%E7%A5%9D%E7%A5%AD%E3%81%AE%E5%A4%A7%E9%A0%AD%E8%93%8B,野蛮な咆哮,./?%E9%87%8E%E8%9B%AE%E3%81%AA%E5%92%86%E5%93%AE,アルター高原の祝福「風車村」から北東の崖沿いにある遺体,攻撃ヒット時ルーン獲得（+20）,18,12,0,0,0,通常,◯
グレートスターズ,./?%E3%82%B0%E3%83%AC%E3%83%BC%E3%83%88%E3%82%B9%E3%82%BF%E3%83%BC%E3%82%BA,我慢,./?%E6%88%91%E6%85%A2,アルター高原の祝福「罪人送りの道、小脇」付近を移動する荷車の宝箱 / 獣の爪、マグナスを倒す（Ver1.06より）,出血の状態異常を蓄積する（55） / 攻撃命中時、僅かにHPを回復する,22,12,0,0,0,通常,◯
黒鉄の大槌,./?%E9%BB%92%E9%89%84%E3%81%AE%E5%A4%A7%E6%A7%8C,我慢,./?%E6%88%91%E6%85%A2,慰めの教会にいる黒騎士がドロップ,特殊ガードカウンター,25,11,0,17,0,通常,◯
流紋の大槌,./?%E6%B5%81%E7%B4%8B%E3%81%AE%E5%A4%A7%E6%A7%8C,我慢,./?%E6%88%91%E6%85%A2,テウルの鍛冶遺跡で拾う,特定の強攻撃で投擲,20,10,11,11,0,通常,◯
大角の槌,./?%E5%A4%A7%E8%A7%92%E3%81%AE%E6%A7%8C,野蛮な咆哮,./?%E9%87%8E%E8%9B%AE%E3%81%AA%E5%92%86%E5%93%AE,祖霊の民の戦士（大槌）がドロップ,敵撃破時にHP回復,22,10,0,0,0,通常,◯
使者たちの長笛,./?%E4%BD%BF%E8%80%85%E3%81%9F%E3%81%A1%E3%81%AE%E9%95%B7%E7%AC%9B,降り注ぐシャボン,./?%E9%99%8D%E3%82%8A%E6%B3%A8%E3%81%90%E3%82%B7%E3%83%A3%E3%83%9C%E3%83%B3,神託の使者（大）がドロップ,なし,23,11,0,18,0,喪色,✕
尊顔の燭台,./?%E5%B0%8A%E9%A1%94%E3%81%AE%E7%87%AD%E5%8F%B0,噴き上がる信仰,./?%E5%99%B4%E3%81%8D%E4%B8%8A%E3%81%8C%E3%82%8B%E4%BF%A1%E4%BB%B0,巨人戦争の英雄墓のインプ像の封印の先にある遺体,なし,26,8,0,22,0,喪色,✕
獣爪の大槌,./?%E7%8D%A3%E7%88%AA%E3%81%AE%E5%A4%A7%E6%A7%8C,獣王の爪,./?%E7%8D%A3%E7%8E%8B%E3%81%AE%E7%88%AA,獣の司祭、グラングに死の根を7つ渡す,なし,20,10,0,18,0,喪色,✕
世界喰らいの王笏,./?%E4%B8%96%E7%95%8C%E5%96%B0%E3%82%89%E3%81%84%E3%81%AE%E7%8E%8B%E7%AC%8F,世界喰らい,./?%E4%B8%96%E7%95%8C%E5%96%B0%E3%82%89%E3%81%84,崩れゆくファルム・アズラで敵対NPC「背律者ベルナール」を倒す / 戦学びのボロ家で騎士ベルナールを殺害する / 火山館の一員になる前にライカードを撃破後、戦学びのボロ家で拾う,なし,24,20,0,25,0,喪色,✕
闘士の大斧,./?%E9%97%98%E5%A3%AB%E3%81%AE%E5%A4%A7%E6%96%A7,我慢,./?%E6%88%91%E6%85%A2,王都ローデイルの墓守闘士がドロップ,タメ攻撃の威力上昇,30,10,0,0,0,通常,◯
腐敗した大斧,./?%E8%85%90%E6%95%97%E3%81%97%E3%81%9F%E5%A4%A7%E6%96%A7,我慢,./?%E6%88%91%E6%85%A2,典礼街オルディナ北西崖際の腐敗した墓守闘士が初回のみ確定ドロップ,朱い腐敗の状態異常を蓄積する(65) / タメ攻撃の威力上昇,30,10,0,0,0,通常,◯
ゴーレムの斧槍,./?%E3%82%B4%E3%83%BC%E3%83%AC%E3%83%A0%E3%81%AE%E6%96%A7%E6%A7%8D,突撃,./?%E7%AA%81%E6%92%83,ゴーレム(斧槍)がドロップ,なし,36,14,0,0,0,通常,◯
巨人砕き,./?%E5%B7%A8%E4%BA%BA%E7%A0%95%E3%81%8D,我慢,./?%E6%88%91%E6%85%A2,王都外廓の祝福「外廓の幻影樹」の南のキャンプの荷車の宝箱,なし,60,0,0,0,0,通常,◯
司教の大炎槌,./?%E5%8F%B8%E6%95%99%E3%81%AE%E5%A4%A7%E7%82%8E%E6%A7%8C,司教の突進,./?%E5%8F%B8%E6%95%99%E3%81%AE%E7%AA%81%E9%80%B2,ライード砦にいる火の司教がドロップ,なし,45,8,0,0,0,通常,◯
グレートクラブ,./?%E3%82%B0%E3%83%AC%E3%83%BC%E3%83%88%E3%82%AF%E3%83%A9%E3%83%96,黄金の地,./?%E9%BB%84%E9%87%91%E3%81%AE%E5%9C%B0,旧アルター坑道のボス「石掘りトロル」を倒す,エンチャント可能,35,0,0,0,0,通常,✕
トロルハンマー,./?%E3%83%88%E3%83%AD%E3%83%AB%E3%83%8F%E3%83%B3%E3%83%9E%E3%83%BC,トロルの咆哮,./?%E3%83%88%E3%83%AD%E3%83%AB%E3%81%AE%E5%92%86%E5%93%AE,旧アルター坑道のボス霧前のエリアの小屋の遺体,エンチャント可能,28,8,0,10,0,通常,✕
大竜爪,./?%E5%A4%A7%E7%AB%9C%E7%88%AA,我慢,./?%E6%88%91%E6%85%A2,アルター高原の祝福「王都城壁前」のボス「竜のツリーガード」を倒す,竜に対する特効,30,14,0,0,0,喪色,✕
血鬼の腕,./?%E8%A1%80%E9%AC%BC%E3%81%AE%E8%85%95,我慢,./?%E6%88%91%E6%85%A2,眺望街の上層部にいる血鬼(特大武器)からの確定ドロップ,強攻撃が特殊,28,11,0,0,16,通常,◯
番犬の錫杖,./?%E7%95%AA%E7%8A%AC%E3%81%AE%E9%8C%AB%E6%9D%96,錫杖の魔術,./?%E9%8C%AB%E6%9D%96%E3%81%AE%E9%AD%94%E8%A1%93,行き止まりの地下墓のレバーから階段を2つ降りてすぐ左の幻の壁の先で拾う,なし,34,10,0,0,0,喪色,✕
化身の儀仗,./?%E5%8C%96%E8%BA%AB%E3%81%AE%E5%84%80%E4%BB%97,黄金樹の尻撃,./?%E9%BB%84%E9%87%91%E6%A8%B9%E3%81%AE%E5%B0%BB%E6%92%83,永遠の都、ノクローンの祝福「大滝壺」より棺に入り移動した先、祝福「大滝口」にいる黄金樹の化身を倒す,なし,34,8,0,24,0,喪色,✕
腐敗した儀仗,./?%E8%85%90%E6%95%97%E3%81%97%E3%81%9F%E5%84%80%E4%BB%97,黄金樹の尻撃,./?%E9%BB%84%E9%87%91%E6%A8%B9%E3%81%AE%E5%B0%BB%E6%92%83,聖樹の支え、エブレフェールにいる腐敗した化身を倒す,朱い腐敗の状態異常を蓄積する(75),34,8,0,0,0,喪色,✕
使者たちの扇笛,./?%E4%BD%BF%E8%80%85%E3%81%9F%E3%81%A1%E3%81%AE%E6%89%87%E7%AC%9B,神託の大シャボン,./?%E7%A5%9E%E8%A8%97%E3%81%AE%E5%A4%A7%E3%82%B7%E3%83%A3%E3%83%9C%E3%83%B3%28%E6%88%A6%E6%8A%80%29,ミケラの聖樹にいる神託の使者(大)がドロップ,なし,28,12,0,24,0,喪色,✕
ギーザの車輪,./?%E3%82%AE%E3%83%BC%E3%82%B6%E3%81%AE%E8%BB%8A%E8%BC%AA,車輪回転,./?%E8%BB%8A%E8%BC%AA%E5%9B%9E%E8%BB%A2,火山館の敵対NPC「責問官ギーザ」を倒す,出血の状態異常を蓄積する（70）,28,18,0,0,0,喪色,✕
星獣の顎,./?%E6%98%9F%E7%8D%A3%E3%81%AE%E9%A1%8E,重力雷,./?%E9%87%8D%E5%8A%9B%E9%9B%B7,ゲルミア火山の祝福「九合目」の先にいるボス「降る星の成獣」を倒す,特定種族に対する特効,34,12,20,0,0,喪色,✕
鍛冶床ハンマー,./?%E9%8D%9B%E5%86%B6%E5%BA%8A%E3%83%8F%E3%83%B3%E3%83%9E%E3%83%BC,鍛冶術の槍,./?%E9%8D%9B%E5%86%B6%E8%A1%93%E3%81%AE%E6%A7%8D,溶岩筒の鍛冶遺跡で拾う,なし,39,10,11,20,0,喪色,✕
デボニアの大槌,./?%E3%83%87%E3%83%9C%E3%83%8B%E3%82%A2%E3%81%AE%E5%A4%A7%E6%A7%8C,デボニアの渦,./?%E3%83%87%E3%83%9C%E3%83%8B%E3%82%A2%E3%81%AE%E6%B8%A6,ラウフの古遺跡にいる坩堝の騎士を倒す,なし,30,13,0,19,0,喪色,✕
ゴッドフレイの王斧,./?%E3%82%B4%E3%83%83%E3%83%89%E3%83%95%E3%83%AC%E3%82%A4%E3%81%AE%E7%8E%8B%E6%96%A7,王の雄叫び,./?%E7%8E%8B%E3%81%AE%E9%9B%84%E5%8F%AB%E3%81%B3,指読みエンヤからホーラ・ルーの追憶と交換する,なし,42,14,0,0,0,喪色,✕
影輪草の大花,./?%E5%BD%B1%E8%BC%AA%E8%8D%89%E3%81%AE%E5%A4%A7%E8%8A%B1,影輪頭突き,./?%E5%BD%B1%E8%BC%AA%E9%A0%AD%E7%AA%81%E3%81%8D,指読みエンヤで影輪草の追憶と交換する,なし,24,8,0,25,0,喪色,✕
見つめる指,./?%E8%A6%8B%E3%81%A4%E3%82%81%E3%82%8B%E6%8C%87,叩頭憤怒,./?%E5%8F%A9%E9%A0%AD%E6%86%A4%E6%80%92,指読みエンヤから指の母の追憶と交換する,なし,20,8,20,14,0,喪色,✕
ショートスピア,./?%E3%82%B7%E3%83%A7%E3%83%BC%E3%83%88%E3%82%B9%E3%83%94%E3%82%A2,貫通突き,./?%E8%B2%AB%E9%80%9A%E7%AA%81%E3%81%8D,素性預言者の初期装備円卓にいる双子の老婆が販売各地にいる雑兵（槍）がドロップ,なし,10,10,0,0,0,通常,◯
鉄の槍,./?%E9%89%84%E3%81%AE%E6%A7%8D,突撃,./?%E7%AA%81%E6%92%83,永遠の都、ノクローンにいる落ちる鷹の兵団（槍盾）がドロップ,なし,13,11,0,0,0,通常,◯
スピア,./?%E3%82%B9%E3%83%94%E3%82%A2,貫通突き,./?%E8%B2%AB%E9%80%9A%E7%AA%81%E3%81%8D,ストームヴィル城にいる流刑兵（槍+中盾）がドロップパッチを殺害,馬上の敵に対する特効,12,15,0,0,0,通常,◯
パルチザン,./?%E3%83%91%E3%83%AB%E3%83%81%E3%82%B6%E3%83%B3,貫通突き,./?%E8%B2%AB%E9%80%9A%E7%AA%81%E3%81%8D,各地にいる君主軍の騎士（槍）がドロップ,なし,15,12,0,0,0,通常,◯
パイク,./?%E3%83%91%E3%82%A4%E3%82%AF,突撃,./?%E7%AA%81%E6%92%83,ストームヴィル城の遺体,なし,20,14,0,0,0,通常,◯
速槍,./?%E9%80%9F%E6%A7%8D,貫通突き,./?%E8%B2%AB%E9%80%9A%E7%AA%81%E3%81%8D,墓地平原の祝福「城砦正面」から南東の街道沿いにある遺体,なし,10,26,0,0,0,通常,◯
棘棍,./?%E6%A3%98%E6%A3%8D,貫通突き,./?%E8%B2%AB%E9%80%9A%E7%AA%81%E3%81%8D,人形兵(槍)がドロップ(魔女封じの廃墟など),出血の状態異常を蓄積する(50),14,16,0,0,0,通常,◯
十文字薙刀,./?%E5%8D%81%E6%96%87%E5%AD%97%E8%96%99%E5%88%80,貫通突き,./?%E8%B2%AB%E9%80%9A%E7%AA%81%E3%81%8D,ゲール坑道の祝福から階段を降りて右手の細い通路を進んだ先にある遺体,出血の状態異常を蓄積する（50）,16,20,0,0,0,通常,◯
泥人の銛,./?%E6%B3%A5%E4%BA%BA%E3%81%AE%E9%8A%9B,貫通突き,./?%E8%B2%AB%E9%80%9A%E7%AA%81%E3%81%8D,シーフラ河やエインセル河にいる泥人（槍）がドロップ,なし,12,10,12,-,-,通常,◯
血鬼のフォーク,./?%E8%A1%80%E9%AC%BC%E3%81%AE%E3%83%95%E3%82%A9%E3%83%BC%E3%82%AF,野蛮な咆哮,./?%E9%87%8E%E8%9B%AE%E3%81%AA%E5%92%86%E5%93%AE,血鬼(槍)がドロップ(川終わりの洞窟など),出血の状態異常を蓄積する(50),14,8,0,0,13,通常,◯
祝祭の肋骨鋤,./?%E7%A5%9D%E7%A5%AD%E3%81%AE%E8%82%8B%E9%AA%A8%E9%8B%A4,野蛮な咆哮,./?%E9%87%8E%E8%9B%AE%E3%81%AA%E5%92%86%E5%93%AE,風車村ドミヌラの踊り子(肋骨鋤)がドロップ,攻撃命中時、ごくわずかなルーンを得る,8,14,0,0,0,通常,◯
ポールトーチ,./?%E3%83%9D%E3%83%BC%E3%83%AB%E3%83%88%E3%83%BC%E3%83%81,突撃,./?%E7%AA%81%E6%92%83,ストームヴィル城の流刑兵（ポールトーチ）がドロップ,なし,14,15,0,0,0,通常,✕
流紋の槍,./?%E6%B5%81%E7%B4%8B%E3%81%AE%E6%A7%8D,貫通突き,./?%E8%B2%AB%E9%80%9A%E7%AA%81%E3%81%8D,古隕鉄の鍛冶遺跡で拾う,特定の攻撃で投擲,9,12,11,11,0,通常,◯
責問燭台,./?%E8%B2%AC%E5%95%8F%E7%87%AD%E5%8F%B0,突撃,./?%E7%AA%81%E6%92%83,火山館のボス「人さらいの乙女人形」を倒す,出血の状態異常を蓄積する（50）,18,15,0,16,0,喪色,✕
結晶槍,./?%E7%B5%90%E6%99%B6%E6%A7%8D,貫通突き,./?%E8%B2%AB%E9%80%9A%E7%AA%81%E3%81%8D,サリアの隠し洞窟の宝箱,なし,10,16,16,0,0,喪色,✕
腐敗した結晶槍,./?%E8%85%90%E6%95%97%E3%81%97%E3%81%9F%E7%B5%90%E6%99%B6%E6%A7%8D,突撃,./?%E7%AA%81%E6%92%83,聖樹の支え、エブレフェールの腐敗した結晶人（槍）がドロップ,朱い腐敗の状態異常を蓄積する（55）,10,16,16,0,0,喪色,✕
貴腐騎士の槍,./?%E8%B2%B4%E8%85%90%E9%A8%8E%E5%A3%AB%E3%81%AE%E6%A7%8D,聖槍の壁,./?%E8%81%96%E6%A7%8D%E3%81%AE%E5%A3%81,貴腐騎士（槍）がドロップ,免疫耐性が50上昇する,16,16,0,14,0,喪色,✕
死儀礼の槍,./?%E6%AD%BB%E5%84%80%E7%A4%BC%E3%81%AE%E6%A7%8D,槍呼びの儀,./?%E6%A7%8D%E5%91%BC%E3%81%B3%E3%81%AE%E5%84%80,巨人たちの山嶺のボス「死儀礼の鳥」を倒す,なし,14,20,18,0,0,喪色,✕
グランサクスの雷,./?%E3%82%B0%E3%83%A9%E3%83%B3%E3%82%B5%E3%82%AF%E3%82%B9%E3%81%AE%E9%9B%B7,古雷の槍,./?%E5%8F%A4%E9%9B%B7%E3%81%AE%E6%A7%8D,王都ローデイルの祝福「黄金樹の大聖堂」から西の昇降機で降り、柵を飛び越えて左手に見える大きな槍を上った先,竜に対する特効,20,40,0,0,0,喪色,✕
ランス,./?%E3%83%A9%E3%83%B3%E3%82%B9,突撃,./?%E7%AA%81%E6%92%83,戦学びのボロ家の北東、野営地の瓦礫上の遺体,馬上攻撃力の上昇 / 馬上の敵に対する特効,20,14,0,0,0,通常,◯
メスメル兵の槍,./?%E3%83%A1%E3%82%B9%E3%83%A1%E3%83%AB%E5%85%B5%E3%81%AE%E6%A7%8D,貫通突き,./?%E8%B2%AB%E9%80%9A%E7%AA%81%E3%81%8D,メスメル兵（大槍）がドロップ(エンシスの城砦など),なし,19,16,0,0,0,通常,◯
ツリースピア,./?%E3%83%84%E3%83%AA%E3%83%BC%E3%82%B9%E3%83%94%E3%82%A2,聖律,./?%E8%81%96%E5%BE%8B,湖のリエーニエの祝福「リエーニエ街道南」から街道沿いに南にいった先にある荷車の宝箱,なし,15,22,0,18,0,通常,✕
大蛇狩り,./?%E5%A4%A7%E8%9B%87%E7%8B%A9%E3%82%8A,大蛇狩り(戦技),./?%E5%A4%A7%E8%9B%87%E7%8B%A9%E3%82%8A%28%E6%88%A6%E6%8A%80%29,冒涜の君主、ライカードの部屋に入ってすぐ,なし,0,0,0,0,0,喪色,✕
シルリアの樹槍,./?%E3%82%B7%E3%83%AB%E3%83%AA%E3%82%A2%E3%81%AE%E6%A8%B9%E6%A7%8D,シルリアの渦,./?%E3%82%B7%E3%83%AB%E3%83%AA%E3%82%A2%E3%81%AE%E6%B8%A6,深き根の底のボス「坩堝の騎士、シルリア」を倒す,なし,27,13,0,20,0,喪色,✕
ヴァイクの戦槍,./?%E3%83%B4%E3%82%A1%E3%82%A4%E3%82%AF%E3%81%AE%E6%88%A6%E6%A7%8D,狂い火突き,./?%E7%8B%82%E3%81%84%E7%81%AB%E7%AA%81%E3%81%8D,狂い火村で侵入してくる敵対NPC「指痕爛れのヴァイク」を倒す,発狂の状態異常を蓄積する(65),16,20,0,18,0,喪色,✕
逆棘の杖槍,./?%E9%80%86%E6%A3%98%E3%81%AE%E6%9D%96%E6%A7%8D,イオリの責問,./?%E3%82%A4%E3%82%AA%E3%83%AA%E3%81%AE%E8%B2%AC%E5%95%8F,闇照らしの地下墓のボス「責問の古老、イオリ」を倒す,出血の状態異常を蓄積する(55),14,18,0,22,0,喪色,✕
血鬼の聖槍,./?%E8%A1%80%E9%AC%BC%E3%81%AE%E8%81%96%E6%A7%8D,血鬼の血授,./?%E8%A1%80%E9%AC%BC%E3%81%AE%E8%A1%80%E6%8E%88,ラウフの麓の祝福「古遺跡の麓」から北北西の水場にいる血鬼の呪術師がドロップ,出血の状態異常を蓄積する(57),22,12,0,0,13,喪色,✕
モーグウィンの聖槍,./?%E3%83%A2%E3%83%BC%E3%82%B0%E3%82%A6%E3%82%A3%E3%83%B3%E3%81%AE%E8%81%96%E6%A7%8D,血授の儀,./?%E8%A1%80%E6%8E%88%E3%81%AE%E5%84%80,指読みエンヤで血の君主の追憶と交換,出血の状態異常を蓄積する(73),24,14,0,0,27,喪色,✕
串刺し公の槍,./?%E4%B8%B2%E5%88%BA%E3%81%97%E5%85%AC%E3%81%AE%E6%A7%8D,メスメルの強襲,./?%E3%83%A1%E3%82%B9%E3%83%A1%E3%83%AB%E3%81%AE%E5%BC%B7%E8%A5%B2,指読みエンヤから串刺し公の追憶と交換する,特定の攻撃で投擲,14,35,0,18,0,喪色,✕
ハルバード,./?%E3%83%8F%E3%83%AB%E3%83%90%E3%83%BC%E3%83%89,突撃,./?%E7%AA%81%E6%92%83,素性「放浪騎士」の初期装備リムグレイブの祝福「聖人橋」から橋を渡って東へ少し行くと居る「放浪の民の商人」が販売（1200）,なし,14,12,0,0,0,通常,◯
失地騎士の斧槍,./?%E5%A4%B1%E5%9C%B0%E9%A8%8E%E5%A3%AB%E3%81%AE%E6%96%A7%E6%A7%8D,突撃,./?%E7%AA%81%E6%92%83,ストームヴィル城などにいる失地騎士（斧槍）がドロップ城主エドガーもしくは復讐者エドガーの撃破報酬,なし,14,12,0,0,0,通常,◯
ルッツエルン,./?%E3%83%AB%E3%83%83%E3%83%84%E3%82%A8%E3%83%AB%E3%83%B3,突撃,./?%E7%AA%81%E6%92%83,祝福「リエーニエ街道北」から少し北へ行くと敵同士が戦闘している地帯があり、その付近の粉々になった馬車の残骸近く,ガード貫通,15,12,0,0,0,通常,◯
グレイブ,./?%E3%82%B0%E3%83%AC%E3%82%A4%E3%83%96,回転斬り,./?%E5%9B%9E%E8%BB%A2%E6%96%AC%E3%82%8A,死に生きる者（斧槍）がドロップ,なし,18,15,0,0,0,通常,◯
卑兵のショーテル,./?%E5%8D%91%E5%85%B5%E3%81%AE%E3%82%B7%E3%83%A7%E3%83%BC%E3%83%86%E3%83%AB,回転斬り,./?%E5%9B%9E%E8%BB%A2%E6%96%AC%E3%82%8A,卑兵（ショーテル）がドロップ,ガード貫通,14,16,0,0,0,通常,◯
卑兵のノコギリ,./?%E5%8D%91%E5%85%B5%E3%81%AE%E3%83%8E%E3%82%B3%E3%82%AE%E3%83%AA,回転斬り,./?%E5%9B%9E%E8%BB%A2%E6%96%AC%E3%82%8A,卑兵（ノコギリ）がドロップ,出血の状態異常を蓄積する（55）,15,13,0,0,0,通常,◯
守人の剣槍,./?%E5%AE%88%E4%BA%BA%E3%81%AE%E5%89%A3%E6%A7%8D,回転斬り,./?%E5%9B%9E%E8%BB%A2%E6%96%AC%E3%82%8A,小黄金樹の付近にいる守人がドロップ,なし,17,16,0,0,0,通常,◯
ガーゴイルの斧槍,./?%E3%82%AC%E3%83%BC%E3%82%B4%E3%82%A4%E3%83%AB%E3%81%AE%E6%96%A7%E6%A7%8D,回転斬り,./?%E5%9B%9E%E8%BB%A2%E6%96%AC%E3%82%8A,王都ローデイルの祝福「王都西城壁」の前にいるガーゴイルを倒す,なし,26,10,0,0,0,通常,◯
ガーゴイルの黒斧槍,./?%E3%82%AC%E3%83%BC%E3%82%B4%E3%82%A4%E3%83%AB%E3%81%AE%E9%BB%92%E6%96%A7%E6%A7%8D,回転斬り,./?%E5%9B%9E%E8%BB%A2%E6%96%AC%E3%82%8A,獣の神殿の前にいる「黒き剣の眷属」を倒す,なし,26,10,0,22,0,喪色,✕
夜騎兵のグレイブ,./?%E5%A4%9C%E9%A8%8E%E5%85%B5%E3%81%AE%E3%82%B0%E3%83%AC%E3%82%A4%E3%83%96,回転斬り,./?%E5%9B%9E%E8%BB%A2%E6%96%AC%E3%82%8A,湖のリエーニエの祝福「レアルカリア東門」にいる夜の騎兵がドロップ,馬上攻撃力の上昇,26,10,0,0,0,通常,◯
蟲のグレイブ,./?%E8%9F%B2%E3%81%AE%E3%82%B0%E3%83%AC%E3%82%A4%E3%83%96,回転斬り,./?%E5%9B%9E%E8%BB%A2%E6%96%AC%E3%82%8A,腐敗の眷属がドロップ,物理以外のカット率微増 (+2%),13,13,0,0,0,通常,◯
欠波紋の斧槍,./?%E6%AC%A0%E6%B3%A2%E7%B4%8B%E3%81%AE%E6%96%A7%E6%A7%8D,回転斬り,./?%E5%9B%9E%E8%BB%A2%E6%96%AC%E3%82%8A,第二世代しろがね人（斧槍）がドロップ,エンチャント可,12,12,0,0,20,通常,✕
黄金のハルバード,./?%E9%BB%84%E9%87%91%E3%81%AE%E3%83%8F%E3%83%AB%E3%83%90%E3%83%BC%E3%83%89,黄金樹に誓って,./?%E9%BB%84%E9%87%91%E6%A8%B9%E3%81%AB%E8%AA%93%E3%81%A3%E3%81%A6%28%E6%88%A6%E6%8A%80%29,エレの教会近くのツリーガードを倒す,なし,30,14,0,12,0,喪色,✕
竜のハルバード,./?%E7%AB%9C%E3%81%AE%E3%83%8F%E3%83%AB%E3%83%90%E3%83%BC%E3%83%89,回転斬り,./?%E5%9B%9E%E8%BB%A2%E6%96%AC%E3%82%8A%28%E7%AB%9C%E3%81%AE%E3%83%8F%E3%83%AB%E3%83%90%E3%83%BC%E3%83%89%29,永遠の都、ノクローンのボス「竜人兵」を倒す,竜に対する特効,22,10,0,0,0,喪色,✕
ローレッタの戦鎌,./?%E3%83%AD%E3%83%BC%E3%83%AC%E3%83%83%E3%82%BF%E3%81%AE%E6%88%A6%E9%8E%8C,ローレッタの斬撃,./?%E3%83%AD%E3%83%BC%E3%83%AC%E3%83%83%E3%82%BF%E3%81%AE%E6%96%AC%E6%92%83%28%E3%83%AD%E3%83%BC%E3%83%AC%E3%83%83%E3%82%BF%E3%81%AE%E6%88%A6%E9%8E%8C%29,ミケラの聖樹のボス「聖樹の騎士、ローレッタ」を倒す(Ver1.02から追加),なし,20,15,20,0,0,喪色,✕
宿将の軍旗,./?%E5%AE%BF%E5%B0%86%E3%81%AE%E8%BB%8D%E6%97%97,軍旗の下に,./?%E8%BB%8D%E6%97%97%E3%81%AE%E4%B8%8B%E3%81%AB,エオニアの沼のボス「宿将オニール」を倒す,なし,24,14,0,0,0,喪色,✕
霊のグレイブ,./?%E9%9C%8A%E3%81%AE%E3%82%B0%E3%83%AC%E3%82%A4%E3%83%96,怨霊斬り,./?%E6%80%A8%E9%9C%8A%E6%96%AC%E3%82%8A,カロの隠し墓地,なし,14,17,16,0,0,喪色,✕
蕾の薙刀,./?%E8%95%BE%E3%81%AE%E8%96%99%E5%88%80,ロミナの祓い,./?%E3%83%AD%E3%83%9F%E3%83%8A%E3%81%AE%E7%A5%93%E3%81%84,指読みエンヤから蕾の聖女の追憶と交換する,朱い腐敗の状態異常を蓄積する(55),14,22,0,0,20,喪色,✕
大鎌,./?%E5%A4%A7%E9%8E%8C,回転斬り,./?%E5%9B%9E%E8%BB%A2%E6%96%AC%E3%82%8A,断崖下の地下墓の遺体,出血の状態異常を蓄積する（55） / ガード貫通,14,14,0,0,0,通常,◯
墓場の大鎌,./?%E5%A2%93%E5%A0%B4%E3%81%AE%E5%A4%A7%E9%8E%8C,回転斬り,./?%E5%9B%9E%E8%BB%A2%E6%96%AC%E3%82%8A,死に生きる者（鎌）がドロップ,出血の状態異常を蓄積する（55） / 抗死+35 / ガード貫通,17,13,0,0,0,通常,◯
光輪のサイス,./?%E5%85%89%E8%BC%AA%E3%81%AE%E3%82%B5%E3%82%A4%E3%82%B9,ミケラの光輪,./?%E3%83%9F%E3%82%B1%E3%83%A9%E3%81%AE%E5%85%89%E8%BC%AA,貴腐騎士（鎌）がドロップ,出血の状態異常を蓄積する (55) / ガード貫通,13,16,0,15,0,喪色,✕
翼の鎌,./?%E7%BF%BC%E3%81%AE%E9%8E%8C,天使の翼,./?%E5%A4%A9%E4%BD%BF%E3%81%AE%E7%BF%BC,霊廟ヶ原の廃墟の地下室にある宝箱,出血の状態異常を蓄積する（55） / ガード貫通,16,16,0,24,0,喪色,✕
黒曜のラーミナ,./?%E9%BB%92%E6%9B%9C%E3%81%AE%E3%83%A9%E3%83%BC%E3%83%9F%E3%83%8A,王朝鎌技,./?%E7%8E%8B%E6%9C%9D%E9%8E%8C%E6%8A%80,老兵アンスバッハのイベントを最後まで進める,出血の状態異常を蓄積する（33） / ガード貫通,12,25,0,0,17,喪色,✕
ウィップ,./?%E3%82%A6%E3%82%A3%E3%83%83%E3%83%97,キック,./?%E3%82%AD%E3%83%83%E3%82%AF,モーンの城の遺体,なし,8,14,0,0,0,通常,◯
茨鞭,./?%E8%8C%A8%E9%9E%AD,キック,./?%E3%82%AD%E3%83%83%E3%82%AF,巨人たちの山嶺にいる火の司教がドロップ,出血の状態異常を蓄積する（50）,8,16,0,0,0,通常,◯
ウルミ,./?%E3%82%A6%E3%83%AB%E3%83%9F,キック,./?%E3%82%AD%E3%83%83%E3%82%AF,カーリアの城館の遺体,なし,10,19,0,0,0,通常,◯
ホスローの花弁,./?%E3%83%9B%E3%82%B9%E3%83%AD%E3%83%BC%E3%81%AE%E8%8A%B1%E5%BC%81,キック,./?%E3%82%AD%E3%83%83%E3%82%AF,火山館のイベントで敵対NPC「血潮の騎士、ユーノ・ホスロー」を倒す/騎士ディアロスを倒すか、イベントを完遂する,出血の状態異常を蓄積する（55）,10,20,0,0,0,通常,◯
歯の鞭,./?%E6%AD%AF%E3%81%AE%E9%9E%AD,痛打,./?%E7%97%9B%E6%89%93,鞭の家で拾う,毒の状態異常を蓄積する(66),10,24,0,0,0,喪色,✕
溶岩鞭の燭台,./?%E6%BA%B6%E5%B2%A9%E9%9E%AD%E3%81%AE%E7%87%AD%E5%8F%B0,溶岩の海,./?%E6%BA%B6%E5%B2%A9%E3%81%AE%E6%B5%B7,火山館のイベントを進め、大角のトラゴスを倒した後、パッチから報酬を貰う,なし,8,16,0,18,0,喪色,✕
巨人の赤髪,./?%E5%B7%A8%E4%BA%BA%E3%81%AE%E8%B5%A4%E9%AB%AA,炎の舞,./?%E7%82%8E%E3%81%AE%E8%88%9E,指読みエンヤで火の巨人の追憶と交換,なし,18,12,0,21,0,喪色,✕
素手,./?%E7%B4%A0%E6%89%8B,キック,./?%E3%82%AD%E3%83%83%E3%82%AF,使用方法左右どちらかの武器枠に何も装備しない、または武器を1つのみ装備で使用可能,なし,0,0,0,0,0,なし,✕
セスタス,./?%E3%82%BB%E3%82%B9%E3%82%BF%E3%82%B9,我慢,./?%E6%88%91%E6%85%A2,門衛ゴストークが販売（800ルーン）,なし,8,8,0,0,0,通常,◯
スパイクセスタス,./?%E3%82%B9%E3%83%91%E3%82%A4%E3%82%AF%E3%82%BB%E3%82%B9%E3%82%BF%E3%82%B9,我慢,./?%E6%88%91%E6%85%A2,グレイオールの竜塚の隠遁商人のボロ家にいる隠遁商人が販売(4000ルーン),出血の状態異常を蓄積する（45）,8,10,0,0,0,通常,◯
カタール,./?%E3%82%AB%E3%82%BF%E3%83%BC%E3%83%AB,貫通突き,./?%E8%B2%AB%E9%80%9A%E7%AA%81%E3%81%8D,ケイリッドにあるゲール砦の宝箱,なし,8,10,0,0,0,通常,◯
パタ,./?%E3%83%91%E3%82%BF,貫通突き,./?%E8%B2%AB%E9%80%9A%E7%AA%81%E3%81%8D,墓地平原の恵みの教会前にある遺体,なし,11,15,0,0,0,通常,◯
鉄球拳,./?%E9%89%84%E7%90%83%E6%8B%B3,我慢,./?%E6%88%91%E6%85%A2,ならず者のイベント進行または殺害,なし,11,8,0,0,0,通常,◯
棘球拳,./?%E6%A3%98%E7%90%83%E6%8B%B3,我慢,./?%E6%88%91%E6%85%A2,王都ローデイルの王都闘技場前の遺体,出血の状態異常を蓄積する(45),12,8,0,0,0,通常,◯
縋り付く手骨,./?%E7%B8%8B%E3%82%8A%E4%BB%98%E3%81%8F%E6%89%8B%E9%AA%A8,命奪拳,./?%E5%91%BD%E5%A5%AA%E6%8B%B3,王骸のエンシャを倒す,なし,8,22,0,0,16,喪色,✕
宿将の義足,./?%E5%AE%BF%E5%B0%86%E3%81%AE%E7%BE%A9%E8%B6%B3,嵐蹴撃,./?%E5%B5%90%E8%B9%B4%E6%92%83,ソールの城砦のボス「宿将ニアール」を倒す,なし,15,12,0,0,0,喪色,✕
秘文字のパタ,./?%E7%A7%98%E6%96%87%E5%AD%97%E3%81%AE%E3%83%91%E3%82%BF,防ぎ得ぬ刃(パタ),./?%E9%98%B2%E3%81%8E%E5%BE%97%E3%81%AC%E5%88%83%28%E3%83%91%E3%82%BF%29,円卓一階横の部屋の奥にある遺体,なし,0,0,0,30,0,喪色,✕
毒手,./?%E6%AF%92%E6%89%8B,毒の貫手,./?%E6%AF%92%E3%81%AE%E8%B2%AB%E6%89%8B,塔の街、ベルラート,毒の状態異常を蓄積する(76) / 毒が発生すると攻撃力が高まる,8,8,0,0,28,喪色,✕
狂手,./?%E7%8B%82%E6%89%8B,発狂の貫手,./?%E7%99%BA%E7%8B%82%E3%81%AE%E8%B2%AB%E6%89%8B,奈落の森にいる敵対NPC「狂える手」を倒す,発狂の状態異常を蓄積する(55) / 発狂が発生すると攻撃力が高まる,8,8,13,20,0,喪色,✕
ティエリエの隠し針,./?%E3%83%86%E3%82%A3%E3%82%A8%E3%83%AA%E3%82%A8%E3%81%AE%E9%9A%A0%E3%81%97%E9%87%9D,永遠に眠れ,./?%E6%B0%B8%E9%81%A0%E3%81%AB%E7%9C%A0%E3%82%8C,ティエリエのイベントを進め、エニル・イリムのボス撃破後に拾う,永眠の状態異常を蓄積する(42),10,22,15,0,0,喪色,✕
ゴーレムの拳,./?%E3%82%B4%E3%83%BC%E3%83%AC%E3%83%A0%E3%81%AE%E6%8B%B3,我慢,./?%E6%88%91%E6%85%A2,テウルの鍛冶遺跡にいる鍛冶ゴーレムがドロップ,特定の攻撃で投擲,24,8,11,11,0,通常,◯
接がれた飛竜,./?%E6%8E%A5%E3%81%8C%E3%82%8C%E3%81%9F%E9%A3%9B%E7%AB%9C,ご照覧あれい！,./?%E3%81%94%E7%85%A7%E8%A6%A7%E3%81%82%E3%82%8C%E3%81%84%EF%BC%81,指読みエンヤから接ぎ木の追憶と交換する,両手持ち不可 / 竜に対する特効,20,14,0,16,0,喪色,✕
落葉格闘,./?%E8%90%BD%E8%91%89%E6%A0%BC%E9%97%98,発勁,./?%E7%99%BA%E5%8B%81,影のアルターのモースの廃墟でNPC「落葉のダン」を倒す,なし,8,8,0,0,0,通常,◯
ダン流蹴術,./?%E3%83%80%E3%83%B3%E6%B5%81%E8%B9%B4%E8%A1%93,発勁,./?%E7%99%BA%E5%8B%81,エニル・イリムで「針の騎士、レダ」と同志たち撃破後、部屋内で拾う,なし,8,8,0,0,0,通常,◯
鉤爪,./?%E9%89%A4%E7%88%AA,クイックステップ,./?%E3%82%AF%E3%82%A4%E3%83%83%E3%82%AF%E3%82%B9%E3%83%86%E3%83%83%E3%83%97,ストームヴィル城の遺体,出血の状態異常を蓄積する(60),8,14,0,0,0,通常,◯
猟犬の爪,./?%E7%8C%9F%E7%8A%AC%E3%81%AE%E7%88%AA,猟犬のステップ,./?%E7%8C%9F%E7%8A%AC%E3%81%AE%E3%82%B9%E3%83%86%E3%83%83%E3%83%97,火山館の隠し通路の奥にいる猟犬騎士を倒す,出血の状態異常を蓄積する(60) / ガード貫通,10,15,0,0,0,通常,◯
毒蛇の牙,./?%E6%AF%92%E8%9B%87%E3%81%AE%E7%89%99,クイックステップ,./?%E3%82%AF%E3%82%A4%E3%83%83%E3%82%AF%E3%82%B9%E3%83%86%E3%83%83%E3%83%97,廃棄洞窟の遺体,毒(猛毒)の状態異常を蓄積する(72),9,9,0,0,0,通常,◯
猛禽の鉤爪,./?%E7%8C%9B%E7%A6%BD%E3%81%AE%E9%89%A4%E7%88%AA,クイックステップ,./?%E3%82%AF%E3%82%A4%E3%83%83%E3%82%AF%E3%82%B9%E3%83%86%E3%83%83%E3%83%97,賢者の洞窟の宝箱,出血の状態異常を蓄積する(60) /ジャンプ攻撃強化,6,14,0,0,0,通常,◯
夜の爪,./?%E5%A4%9C%E3%81%AE%E7%88%AA,散弾投擲,./?%E6%95%A3%E5%BC%BE%E6%8A%95%E6%93%B2,(DLC)ミアの指遺跡の敵対NPC「夜の剣士、アンナ」を倒す,出血の状態異常を蓄積する(45) / 特定の攻撃で投擲,8,20,0,0,0,喪色,✕
獣の爪,./?%E7%8D%A3%E3%81%AE%E7%88%AA,獣爪撃,./?%E7%8D%A3%E7%88%AA%E6%92%83,墓地平原の祝福「墓地平原」から南東の森にいる敵対NPC「獣の爪、ロガ」を倒す,出血の状態異常を蓄積する(45),13,11,0,0,0,通常,◯
赤熊の爪,./?%E8%B5%A4%E7%86%8A%E3%81%AE%E7%88%AA,赤熊の狩り,./?%E8%B5%A4%E7%86%8A%E3%81%AE%E7%8B%A9%E3%82%8A,北の無名霊廟のボス「赤熊」を倒す,出血の状態異常を蓄積する(45),20,10,0,0,0,喪色,✕
火花の調香瓶,./?%E7%81%AB%E8%8A%B1%E3%81%AE%E8%AA%BF%E9%A6%99%E7%93%B6,キック,./?%E3%82%AD%E3%83%83%E3%82%AF,墓地平原の祝福「城砦正面」から南の道を挟んだところにあるテント付近の宝箱,なし,3,14,0,0,0,通常,◯
雷の調香瓶,./?%E9%9B%B7%E3%81%AE%E8%AA%BF%E9%A6%99%E7%93%B6,キック,./?%E3%82%AD%E3%83%83%E3%82%AF,墓地平原の祝福「エラク川下流」から南の滝を降りて、南東の落雷地帯の水場にある遺体,なし,3,16,0,14,0,通常,◯
冷気の調香瓶,./?%E5%86%B7%E6%B0%97%E3%81%AE%E8%AA%BF%E9%A6%99%E7%93%B6,キック,./?%E3%82%AD%E3%83%83%E3%82%AF,嘆きの牢獄で牢獄上層の鍵を使用してはしごを降り、右手側にある部屋の遺体,冷気の状態異常を蓄積する(60),3,13,13,0,0,通常,◯
狂い火の調香瓶,./?%E7%8B%82%E3%81%84%E7%81%AB%E3%81%AE%E8%AA%BF%E9%A6%99%E7%93%B6,キック,./?%E3%82%AD%E3%83%83%E3%82%AF,奈落の森にある廃教会で拾う,発狂の状態異常を蓄積する(60),3,10,12,12,0,通常,◯
猛毒の調香瓶,./?%E7%8C%9B%E6%AF%92%E3%81%AE%E8%AA%BF%E9%A6%99%E7%93%B6,猛毒散布,./?%E7%8C%9B%E6%AF%92%E6%95%A3%E5%B8%83,ティエリエが販売,毒の状態異常を蓄積する(67),3,13,0,0,18,喪色,✕
ショートボウ,./?%E3%82%B7%E3%83%A7%E3%83%BC%E3%83%88%E3%83%9C%E3%82%A6,連続射撃,./?%E9%80%A3%E7%B6%9A%E5%B0%84%E6%92%83,素性「盗賊」の初期装備放浪の民の商人(リムグレイブ西海岸)が販売人形兵（弓）がドロップ,---- / ---- / ----,8,10,0,0,0,通常,◯
コンポジットボウ,./?%E3%82%B3%E3%83%B3%E3%83%9D%E3%82%B8%E3%83%83%E3%83%88%E3%83%9C%E3%82%A6,強射,./?%E5%BC%B7%E5%B0%84,祝福「ベイルム教会」から坂道を降りた先にいる放浪の民の商人から購入（3500）,---- / ---- / ----,15,15,0,0,0,通常,◯
赤木のショートボウ,./?%E8%B5%A4%E6%9C%A8%E3%81%AE%E3%82%B7%E3%83%A7%E3%83%BC%E3%83%88%E3%83%9C%E3%82%A6,連続射撃,./?%E9%80%A3%E7%B6%9A%E5%B0%84%E6%92%83,カーリアの城館などにいる小姓がドロップ,---- / ---- / ----,8,16,0,0,0,通常,◯
混種の小弓,./?%E6%B7%B7%E7%A8%AE%E3%81%AE%E5%B0%8F%E5%BC%93,連続射撃,./?%E9%80%A3%E7%B6%9A%E5%B0%84%E6%92%83,モーンの坑道などにいる翼の混種がドロップ,---- / ---- / ----,16,8,0,0,0,通常,◯
ハープボウ,./?%E3%83%8F%E3%83%BC%E3%83%97%E3%83%9C%E3%82%A6,連続射撃,./?%E9%80%A3%E7%B6%9A%E5%B0%84%E6%92%83,絵画「英雄の歌」,---- / ---- / ----,9,9,0,0,0,喪色,✕
骨の弓,./?%E9%AA%A8%E3%81%AE%E5%BC%93,怨霊撃ち,./?%E6%80%A8%E9%9C%8A%E6%92%83%E3%81%A1,塔の街、ベルラート,なし,8,11,0,0,0,通常,✕
ロングボウ,./?%E3%83%AD%E3%83%B3%E3%82%B0%E3%83%9C%E3%82%A6,強射,./?%E5%BC%B7%E5%B0%84,素性「侍」の初期装備円卓にいる双子の老婆が販売スケルトン（弓）がドロップ,---- / ---- / ----,9,14,0,0,0,通常,◯
しろがねの弓,./?%E3%81%97%E3%82%8D%E3%81%8C%E3%81%AD%E3%81%AE%E5%BC%93,強射,./?%E5%BC%B7%E5%B0%84,聖別雪原や典礼街オルディナにいるしろがねの射手がドロップ,---- / ---- / ----,7,18,0,0,0,通常,◯
黒弓,./?%E9%BB%92%E5%BC%93,連続射撃,./?%E9%80%A3%E7%B6%9A%E5%B0%84%E6%92%83,王都ローデイルの屋根の死体(Ver1.02から追加),特殊効果小弓の特徴を備える,9,20,0,0,0,喪色,✕
アンスバッハの長弓,./?%E3%82%A2%E3%83%B3%E3%82%B9%E3%83%90%E3%83%83%E3%83%8F%E3%81%AE%E9%95%B7%E5%BC%93,扇射ち,./?%E6%89%87%E5%B0%84%E3%81%A1,針の騎士、レダのイベントを進行させ、老兵アンスバッハと共闘もしくは撃破,特殊効果小弓の特徴を備える,9,43,0,0,0,喪色,✕
滑車の弓,./?%E6%BB%91%E8%BB%8A%E3%81%AE%E5%BC%93,強射,./?%E5%BC%B7%E5%B0%84,ゲルミアの英雄墓から北に進んだところにある矢倉(Ver1.02から追加),---- / ---- / ----,11,11,0,0,0,喪色,✕
角の弓,./?%E8%A7%92%E3%81%AE%E5%BC%93,強射,./?%E5%BC%B7%E5%B0%84,シーフラ河 角骸の霊場への橋の下,---- / ---- / ----,10,14,12,0,0,通常,◯
蛇弓,./?%E8%9B%87%E5%BC%93,強射,./?%E5%BC%B7%E5%B0%84,廃棄洞窟の遺体(Ver1.02から追加),毒の状態異常を蓄積する（15） / ---- / ----,8,15,0,0,11,喪色,✕
黄金樹の弓,./?%E9%BB%84%E9%87%91%E6%A8%B9%E3%81%AE%E5%BC%93,強射,./?%E5%BC%B7%E5%B0%84,王都ローデイルの祝福「黄金樹の大聖堂」2階の宝箱(Ver1.02から追加),---- / ---- / ----,8,12,0,14,0,喪色,✕
大弓,./?%E5%A4%A7%E5%BC%93%28%E6%AD%A6%E5%99%A8%29,貫通射撃,./?%E8%B2%AB%E9%80%9A%E5%B0%84%E6%92%83,アルター高原にある街道見張りの塔の宝箱君主軍の騎士（大弓）がドロップ,なし,20(14),20,0,0,0,通常,◯
ゴーレムの大弓,./?%E3%82%B4%E3%83%BC%E3%83%AC%E3%83%A0%E3%81%AE%E5%A4%A7%E5%BC%93,貫通射撃,./?%E8%B2%AB%E9%80%9A%E5%B0%84%E6%92%83,ガーディアン・ゴーレム（大弓）がドロップ,なし,24(16),18,0,0,0,喪色,✕
黄金樹の大弓,./?%E9%BB%84%E9%87%91%E6%A8%B9%E3%81%AE%E5%A4%A7%E5%BC%93,貫通射撃,./?%E8%B2%AB%E9%80%9A%E5%B0%84%E6%92%83,辺境の英雄墓のチャリオットを天井から吊り下げられた爆弾を使って破壊する,なし,20(14),14,0,14,0,喪色,✕
エーゴンの大弓,./?%E3%82%A8%E3%83%BC%E3%82%B4%E3%83%B3%E3%81%AE%E5%A4%A7%E5%BC%93,貫通射撃,./?%E8%B2%AB%E9%80%9A%E5%B0%84%E6%92%83,エーゴンのイベント進行,エーゴンの銛の威力を高める,23(16),16,0,0,0,通常,◯
獅子の大弓,./?%E7%8D%85%E5%AD%90%E3%81%AE%E5%A4%A7%E5%BC%93,ラダーンの驟雨,./?%E3%83%A9%E3%83%80%E3%83%BC%E3%83%B3%E3%81%AE%E9%A9%9F%E9%9B%A8,指読みエンヤに星砕きの追憶と交換してもらう,ラダーンの槍を使用するとダメージ補正が付く,22(15),18,0,0,0,喪色,✕
兵士のクロスボウ,./?%E5%85%B5%E5%A3%AB%E3%81%AE%E3%82%AF%E3%83%AD%E3%82%B9%E3%83%9C%E3%82%A6,キック,./?%E3%82%AD%E3%83%83%E3%82%AF,各地にいる雑兵（クロスボウ）とストームヴィル城などにいる流刑兵（クロスボウ）がドロップ,なし,10,8,0,0,0,通常,✕
ライトクロスボウ,./?%E3%83%A9%E3%82%A4%E3%83%88%E3%82%AF%E3%83%AD%E3%82%B9%E3%83%9C%E3%82%A6,キック,./?%E3%82%AD%E3%83%83%E3%82%AF,啜り泣きの半島にある祝福「モーンの城壁前」近くにいる放浪の民の商人から購入（1500）,なし,12,8,0,0,0,通常,✕
ヘビークロスボウ,./?%E3%83%98%E3%83%93%E3%83%BC%E3%82%AF%E3%83%AD%E3%82%B9%E3%83%9C%E3%82%A6,キック,./?%E3%82%AD%E3%83%83%E3%82%AF,各地にいる一般兵（クロスボウ）がドロップ,なし,14,10,0,0,0,通常,✕
アーバレスト,./?%E3%82%A2%E3%83%BC%E3%83%90%E3%83%AC%E3%82%B9%E3%83%88,キック,./?%E3%82%AD%E3%83%83%E3%82%AF,ストームヴィル城の遺体(Ver1.02から追加),なし,18,12,0,0,0,通常,✕
クレプスの黒鍵,./?%E3%82%AF%E3%83%AC%E3%83%97%E3%82%B9%E3%81%AE%E9%BB%92%E9%8D%B5,キック,./?%E3%82%AD%E3%83%83%E3%82%AF,円卓のインプ像の封印を解いた先の宝箱,なし,14,16,0,0,0,喪色,✕
滑車の弩,./?%E6%BB%91%E8%BB%8A%E3%81%AE%E5%BC%A9,キック,./?%E3%82%AD%E3%83%83%E3%82%AF,ゲルミア火山にある職人のボロ家のすぐ外の遺体,一度の射撃でボルトを三連射する,16,16,0,0,0,喪色,✕
連弩,./?%E9%80%A3%E5%BC%A9,連弩の連射,./?%E9%80%A3%E5%BC%A9%E3%81%AE%E9%80%A3%E5%B0%84,モースの廃墟の南、霊炎竜とメスメル軍が戦闘している場所にある遺体,なし,13,15,0,0,0,喪色,✕
散弾クロスボウ,./?%E6%95%A3%E5%BC%BE%E3%82%AF%E3%83%AD%E3%82%B9%E3%83%9C%E3%82%A6,キック,./?%E3%82%AD%E3%83%83%E3%82%AF,墓地平原の祝福「城砦正面」の南に降りていった場所の崖,一度の射撃でボルトを10本発射する,11,17,0,0,0,通常,✕
月輪の弩,./?%E6%9C%88%E8%BC%AA%E3%81%AE%E5%BC%A9,キック,./?%E3%82%AD%E3%83%83%E3%82%AF,魔術学院レアルカリアの宝箱(Ver1.02から追加),なし,10,10,14,0,0,喪色,✕
手持ちバリスタ,./?%E6%89%8B%E6%8C%81%E3%81%A1%E3%83%90%E3%83%AA%E3%82%B9%E3%82%BF,キック,./?%E3%82%AD%E3%83%83%E3%82%AF,啜り泣きの半島の森見張りの塔最上階にある宝箱,なし,30(20),14,0,0,0,通常,✕
壺大砲,./?%E5%A3%BA%E5%A4%A7%E7%A0%B2,キック,./?%E3%82%AD%E3%83%83%E3%82%AF,ゲルミア火山の火山の洞窟で亜人の女王マーゴを倒す,なし,34(23),12,0,0,0,喪色,✕
ラバスの大砲,./?%E3%83%A9%E3%83%90%E3%82%B9%E3%81%AE%E5%A4%A7%E7%A0%B2,キック,./?%E3%82%AD%E3%83%83%E3%82%AF,影のアルターにあるラバスの魔術師塔の最上階の宝箱（DLC追加武器）,なし,28(19),16,0,0,0,喪色,✕
星見の杖,./?%E6%98%9F%E8%A6%8B%E3%81%AE%E6%9D%96,なし,not found art_url,素性『星見』の初期装備祝福『リエーニエ湖の岸辺』近くの商人から購入(800),無し,7,0,16,0,0,通常,◯
輝石の杖,./?%E8%BC%9D%E7%9F%B3%E3%81%AE%E6%9D%96,なし,not found art_url,素性『囚人』の初期装備リムグレイブの宿場跡の南の遺跡付近の貴人の魔術師が初回確定ドロップ貴人の魔術師が稀にドロップ,無し,6,0,10,0,0,通常,◯
学院の輝石杖,./?%E5%AD%A6%E9%99%A2%E3%81%AE%E8%BC%9D%E7%9F%B3%E6%9D%96,なし,not found art_url,魔術学院レアルカリアや隠者の村などにいるラズリ以外の魔術学徒がドロップ,無し,6,0,28,0,0,通常,◯
石掘り杖,./?%E7%9F%B3%E6%8E%98%E3%82%8A%E6%9D%96,なし,not found art_url,サリアの結晶坑道、レアルカリア結晶坑道などにいる輝石掘り(杖)がドロップ,石掘りの魔術を強化する(岩盤砕き)(岩盤発破)1.2倍/これらの魔術によるリーチが最長,8,0,12,0,0,通常,◯
亜人女王の杖,./?%E4%BA%9C%E4%BA%BA%E5%A5%B3%E7%8E%8B%E3%81%AE%E6%9D%96,なし,not found art_url,亜人森の廃墟で亜人の女王からドロップ,無し,6,0,10,0,0,通常,◯
アズールの輝石杖,./?%E3%82%A2%E3%82%BA%E3%83%BC%E3%83%AB%E3%81%AE%E8%BC%9D%E7%9F%B3%E6%9D%96,なし,not found art_url,魔術学院レアルカリアのカッコウの教会二階部分の奥部屋に配置されている,技量+40分の詠唱速度UP効果を得るが消費FP1.2倍,10,0,52,0,0,喪色,✕
ルーサットの輝石杖,./?%E3%83%AB%E3%83%BC%E3%82%B5%E3%83%83%E3%83%88%E3%81%AE%E8%BC%9D%E7%9F%B3%E6%9D%96,なし,not found art_url,魔術街サリアのボス「ノクスの剣士＆ノクスの僧」を倒した後の宝箱,消費FP1.5倍,10,0,52,0,0,喪色,✕
カーリアの輝石杖,./?%E3%82%AB%E3%83%BC%E3%83%AA%E3%82%A2%E3%81%AE%E8%BC%9D%E7%9F%B3%E6%9D%96,なし,not found art_url,カーリアの書院の階段を2回登った先,カーリアの剣の魔術を強化する(カーリアの速剣)(カーリアの大剣)(カーリアの貫き)(アデューラの月の剣)1.15倍,6,8,24,0,0,通常,◯
カーリアの輝剣杖,./?%E3%82%AB%E3%83%BC%E3%83%AA%E3%82%A2%E3%81%AE%E8%BC%9D%E5%89%A3%E6%9D%96,なし,not found art_url,街道見張りの塔(湖のリエーニエ)の頂上にある遺体,輝剣の魔術を強化する(魔術の輝剣)(輝剣の円陣)(カーリアの円陣)(巨剣陣)1.15倍,6,12,22,0,0,通常,◯
カーリアの王笏,./?%E3%82%AB%E3%83%BC%E3%83%AA%E3%82%A2%E3%81%AE%E7%8E%8B%E7%AC%8F,回れ回れ,./?%E5%9B%9E%E3%82%8C%E5%9B%9E%E3%82%8C%28%E3%82%AB%E3%83%BC%E3%83%AA%E3%82%A2%E3%81%AE%E7%8E%8B%E7%AC%8F%29,満月の女王の追憶を指読みする,満月の魔術を強化する(レナラの満月)(ラニの暗月)1.1倍,8,10,60,0,0,喪色,✕
しろがねの杖,./?%E3%81%97%E3%82%8D%E3%81%8C%E3%81%AD%E3%81%AE%E6%9D%96,なし,not found art_url,火山館、「迎賓館」、忌み潰しが居る小部屋内ギロチン台の遺体,神秘によっても強化される,6,0,10,0,12,通常,◯
喪失の杖,./?%E5%96%AA%E5%A4%B1%E3%81%AE%E6%9D%96,なし,not found art_url,魔術街サリアの街の北西にある家のベランダの遺体,不可視の魔術を強化する(夜のつぶて)(夜の彗星)1.3倍,6,12,14,0,0,通常,◯
ゲルミアの輝石杖,./?%E3%82%B2%E3%83%AB%E3%83%9F%E3%82%A2%E3%81%AE%E8%BC%9D%E7%9F%B3%E6%9D%96,なし,not found art_url,火山館のゲルミアの蛇人(杖)からドロップ,溶岩の魔術を強化する(溶岩弾)(たぎる溶岩)(ゲルミアの怒り)(ライカードの怨霊)1.15倍/信仰によっても強化される,6,0,14,14,-,通常,◯
結晶杖,./?%E7%B5%90%E6%99%B6%E6%9D%96,なし,not found art_url,学院の結晶洞窟の幻の壁の先にある宝箱,結晶人の魔術を強化する(砕け散る結晶)(放たれる結晶)(結晶の解放)1.1倍,8,0,48,0,0,喪色,✕
腐敗した結晶杖,./?%E8%85%90%E6%95%97%E3%81%97%E3%81%9F%E7%B5%90%E6%99%B6%E6%9D%96,なし,not found art_url,聖樹の支え、エブレフェールにいる腐敗した結晶人(杖)がドロップ,結晶人の魔術を強化する(1.1倍) / 朱い腐敗の状態異常を、僅かに蓄積する(50)(魔術にこの効果は乗らない),8,0,48,0,0,喪色,✕
隕石の杖,./?%E9%9A%95%E7%9F%B3%E3%81%AE%E6%9D%96,なし,not found art_url,賢者街の廃墟の細長い建物のミランダフラワーに囲まれた死体,武器強化不可/重力の魔術を強化する(重力弾)(星砕き)(岩石弾)(メテオライト)(アステール・メテオ)1.3倍,6,0,18,0,0,不可,✕
咎人の杖,./?%E5%92%8E%E4%BA%BA%E3%81%AE%E6%9D%96,なし,not found art_url,ライード砦の手前付近などにいる咎人がドロップ,茨の魔術を強化する(罪の茨)(罰の茨)1.2倍 / 出血の状態異常を、僅かに蓄積する(45),8,0,0,12,0,通常,◯
死王子の杖,./?%E6%AD%BB%E7%8E%8B%E5%AD%90%E3%81%AE%E6%9D%96,なし,not found art_url,深き根の底の祝福「名も無き永遠の都」の北東の滝を進み、火を噴く巨人がいる樹を上った途中の塔の遺体,死の魔術を強化する(怨霊呼び)(古き死の怨霊)(爆ぜる霊炎)(ティビアの呼び声)(フィアの霧)1.1倍/信仰によっても強化される,6,0,18,18,0,通常,◯
母の杖,./?%E6%AF%8D%E3%81%AE%E6%9D%96,なし,not found art_url,ボス「指の母、ユミル卿」を倒す,指の魔術を強化する,7,0,21,0,21,通常,◯
大いなる彼方の杖,./?%E5%A4%A7%E3%81%84%E3%81%AA%E3%82%8B%E5%BD%BC%E6%96%B9%E3%81%AE%E6%9D%96,なし,not found art_url,(DLC)指読みエンヤから指の母の追憶を指読みする。,祈祷も使用可能 / ---- / ----,7,0,25,25,0,喪色,✕
指の聖印,./?%E6%8C%87%E3%81%AE%E8%81%96%E5%8D%B0,なし,not found art_url,「預言者」「密使」の初期装備、円卓にいる双子の老婆から購入,なし,4,0,0,10,0,通常,-(-/-)
黄金樹の聖印,./?%E9%BB%84%E9%87%91%E6%A8%B9%E3%81%AE%E8%81%96%E5%8D%B0,なし,not found art_url,火山館の祝福「牢街教会」の近く、忌み潰しを倒した先の牢屋の中の遺体,なし,0,0,0,40,0,喪色,-(-/-)
黄金律の聖印,./?%E9%BB%84%E9%87%91%E5%BE%8B%E3%81%AE%E8%81%96%E5%8D%B0,なし,not found art_url,アルター高原の小黄金樹教会の遺体,黄金律原理主義の祈祷を強化する(1.1倍),0,0,17,17,0,喪色,-(-/-)
落葉の聖印,./?%E8%90%BD%E8%91%89%E3%81%AE%E8%81%96%E5%8D%B0,なし,not found art_url,影のアルターの祝福「隠者川下流」から北東へ壁際まで進み、少し西から段差を降りた場所の遺体から拾う,黄金の光輪の祈祷を強化する / ---- / ----,8,0,0,27,0,通常,-(-/-)
火の騎士の聖印,./?%E7%81%AB%E3%81%AE%E9%A8%8E%E5%A3%AB%E3%81%AE%E8%81%96%E5%8D%B0,なし,not found art_url,影の城、教区で水を抜いた後、教会1階のマリカ像の裏で拾う,メスメルの火の祈祷を強化する / ---- / ----,8,0,0,23,0,通常,-(-/-)
螺旋樹の聖印,./?%E8%9E%BA%E6%97%8B%E6%A8%B9%E3%81%AE%E8%81%96%E5%8D%B0,なし,not found art_url,絵画「神の塔」,螺旋の祈祷を強化する,8,0,0,17,0,通常,-(-/-)
さざれ石の聖印,./?%E3%81%95%E3%81%96%E3%82%8C%E7%9F%B3%E3%81%AE%E8%81%96%E5%8D%B0,なし,not found art_url,王都ローデイルの祝福「城館一階」から外へ出て左側にいるローデイル騎士（弓持ちではない方）からドロップ,王都古竜信仰の祈祷を強化する(1.15倍),4,0,0,18,0,通常,-(-/-)
巨人の聖印,./?%E5%B7%A8%E4%BA%BA%E3%81%AE%E8%81%96%E5%8D%B0,なし,not found art_url,巨人戦争の英雄墓のボス部屋手前の手すりから飛び降りた所,巨人の火の祈祷を強化する(1.2倍),4,0,0,14,0,通常,-(-/-)
神狩りの聖印,./?%E7%A5%9E%E7%8B%A9%E3%82%8A%E3%81%AE%E8%81%96%E5%8D%B0,なし,not found art_url,ストームヴィル城の祝福「昇降機側の部屋」前の広場から行けるネズミがいる地下室の奥,神狩りの祈祷を強化する(1.1倍),4,0,0,27,0,通常,-(-/-)
爪痕の聖印,./?%E7%88%AA%E7%97%95%E3%81%AE%E8%81%96%E5%8D%B0,なし,not found art_url,グレイオールの竜塚にある獣の神殿で獣の司祭、グラングに死の根を1個捧げる,獣の祈祷を強化する(1.1倍),4,0,0,10,0,通常,-(-/-)
狂い火の聖印,./?%E7%8B%82%E3%81%84%E7%81%AB%E3%81%AE%E8%81%96%E5%8D%B0,なし,not found art_url,NPC灯を探すハイータのイベントで入手,狂い火の祈祷を強化する(1.2倍)発狂の状態異常を、僅かに蓄積する(55),0,0,0,0,0,喪色,-(-/-)
竜餐の印,./?%E7%AB%9C%E9%A4%90%E3%81%AE%E5%8D%B0,なし,not found art_url,辺境の英雄墓にいる騎士がドロップ,竜餐の祈祷を強化する(1.15倍),0,0,0,10,10,喪色,-(-/-)
松明,./?%E6%9D%BE%E6%98%8E%28%E8%A3%85%E5%82%99%29,松明攻撃,./?%E6%9D%BE%E6%98%8E%E6%94%BB%E6%92%83,エレの教会にいるNPC「放浪商人カーレ」から購入（200）,---- / ---- / ----,5,5,0,0,0,通常,◯
獣除けの松明,./?%E7%8D%A3%E9%99%A4%E3%81%91%E3%81%AE%E6%9D%BE%E6%98%8E,松明攻撃,./?%E6%9D%BE%E6%98%8E%E6%94%BB%E6%92%83,ケイリッドの祝福「隠遁商人のボロ家」で購入（1200）,---- / ---- / ----,12,8,0,0,0,通常,◯
鋼線トーチ,./?%E9%8B%BC%E7%B7%9A%E3%83%88%E3%83%BC%E3%83%81,火吹き,./?%E7%81%AB%E5%90%B9%E3%81%8D,モーンの城の遺体,---- / ---- / ----,10,8,0,0,0,通常,✕
歩哨の松明,./?%E6%AD%A9%E5%93%A8%E3%81%AE%E6%9D%BE%E6%98%8E,松明攻撃,./?%E6%9D%BE%E6%98%8E%E6%94%BB%E6%92%83,王都ローデイルの祝福「世捨て商人のボロ家」で購入（7000）,---- / ---- / ----,15,8,0,15,0,喪色,✕
霊火のトーチ,./?%E9%9C%8A%E7%81%AB%E3%81%AE%E3%83%88%E3%83%BC%E3%83%81,松明攻撃,./?%E6%9D%BE%E6%98%8E%E6%94%BB%E6%92%83,永遠の都、ノクローンの遺体,冷気の状態異常を蓄積する(65) / ---- / ----,10,10,14,0,0,通常,◯
トリーナの灯火,./?%E3%83%88%E3%83%AA%E3%83%BC%E3%83%8A%E3%81%AE%E7%81%AF%E7%81%AB,眠りの炎,./?%E7%9C%A0%E3%82%8A%E3%81%AE%E7%82%8E,聖別雪原の祝福「聖別雪原」から北東の道を移動しているトロルが引く荷車の宝箱,睡眠の状態異常を蓄積する(72) / ---- / ----,10,10,0,14,0,喪色,✕
ナナヤの灯,./?%E3%83%8A%E3%83%8A%E3%83%A4%E3%81%AE%E7%81%AF,弱き王の狂い火,./?%E5%BC%B1%E3%81%8D%E7%8E%8B%E3%81%AE%E7%8B%82%E3%81%84%E7%81%AB,ミドラーの館で入手,発狂の状態異常を蓄積する(65),10,10,14,16,0,通常,✕
嘆き首,./?%E5%98%86%E3%81%8D%E9%A6%96,幸せな目隠し,./?%E5%B9%B8%E3%81%9B%E3%81%AA%E7%9B%AE%E9%9A%A0%E3%81%97,嘆きの牢獄,なし,9,0,0,0,0,喪色,✕
壊れかけの木盾,./?%E5%A3%8A%E3%82%8C%E3%81%8B%E3%81%91%E3%81%AE%E6%9C%A8%E7%9B%BE,パリィ,./?%E3%83%91%E3%83%AA%E3%82%A3,素性「預言者」の初期装備 / 亜人（剣盾）がドロップ,なし,8,0,0,0,0,通常,◯
鉄鋲の木盾,./?%E9%89%84%E9%8B%B2%E3%81%AE%E6%9C%A8%E7%9B%BE,パリィ,./?%E3%83%91%E3%83%AA%E3%82%A3,ハイト砦から北西にいる放浪の民の商人が販売,なし,8,0,0,0,0,通常,◯
青白の木盾,./?%E9%9D%92%E7%99%BD%E3%81%AE%E6%9C%A8%E7%9B%BE,戦技なし,not found art_url,湖のリエーニエの祝福「レアルカリア南門」から南西にある建物裏,なし,8,0,0,0,0,通常,◯
聖句の木盾,./?%E8%81%96%E5%8F%A5%E3%81%AE%E6%9C%A8%E7%9B%BE,パリィ,./?%E3%83%91%E3%83%AA%E3%82%A3,素性「星見」の初期装備 / スケルトン（曲剣+小盾）がドロップ,なし,8,0,0,0,0,通常,◯
赤茨の木盾,./?%E8%B5%A4%E8%8C%A8%E3%81%AE%E6%9C%A8%E7%9B%BE,パリィ,./?%E3%83%91%E3%83%AA%E3%82%A3,素性「侍」の初期装備 / 啜り泣きの半島の祝福「モーンの城壁前」にいる放浪の民の商人が販売,なし,8,0,0,0,0,通常,◯
首枷の盾,./?%E9%A6%96%E6%9E%B7%E3%81%AE%E7%9B%BE,戦技なし,not found art_url,牢獄洞窟の遺体,抗死耐性が50上昇する,10,0,0,0,0,通常,◯
バックラー,./?%E3%83%90%E3%83%83%E3%82%AF%E3%83%A9%E3%83%BC,バックラーパリィ,./?%E3%83%90%E3%83%83%E3%82%AF%E3%83%A9%E3%83%BC%E3%83%91%E3%83%AA%E3%82%A3,素性「盗賊」の初期装備 / 門衛ゴストークが販売,なし,8,13,0,0,0,通常,◯
鉄の円盾,./?%E9%89%84%E3%81%AE%E5%86%86%E7%9B%BE,戦技なし,not found art_url,祝福「海岸の洞窟」から南東の方にいる商人が販売,なし,8,0,0,0,0,通常,◯
金装の鉄盾,./?%E9%87%91%E8%A3%85%E3%81%AE%E9%89%84%E7%9B%BE,パリィ,./?%E3%83%91%E3%83%AA%E3%82%A3,巡礼教会脇の墓地の遺体,なし,8,0,0,0,0,通常,◯
蛇人の盾,./?%E8%9B%87%E4%BA%BA%E3%81%AE%E7%9B%BE,戦技なし,not found art_url,火山館にいるゲルミアの蛇人がドロップ,なし,8,0,0,0,0,通常,◯
氷紋の鉄盾,./?%E6%B0%B7%E7%B4%8B%E3%81%AE%E9%89%84%E7%9B%BE,戦技なし,not found art_url,カーリアの城館の遺体,頑健耐性が40上昇する,9,0,0,0,0,通常,◯
裂け目の盾,./?%E8%A3%82%E3%81%91%E7%9B%AE%E3%81%AE%E7%9B%BE,パリィ,./?%E3%83%91%E3%83%AA%E3%82%A3,素性「囚人」の初期装備 / ベイルム教会の付近にいる放浪の民の商人が販売,正気耐性が40上昇する,8,0,0,0,0,通常,◯
調香師の盾,./?%E8%AA%BF%E9%A6%99%E5%B8%AB%E3%81%AE%E7%9B%BE,パリィ,./?%E3%83%91%E3%83%AA%E3%82%A3,盾を装備した調香師と堕落調香師がドロップ,免疫耐性が40上昇する,8,0,0,0,0,通常,◯
咎人の盾,./?%E5%92%8E%E4%BA%BA%E3%81%AE%E7%9B%BE,シールドバッシュ,./?%E3%82%B7%E3%83%BC%E3%83%AB%E3%83%89%E3%83%90%E3%83%83%E3%82%B7%E3%83%A5,亜人森の廃墟の南側にある地下室の宝箱,出血の状態異常を蓄積する(50) / 正気耐性が50上昇する,8,0,0,0,0,通常,◯
角渦の盾,./?%E8%A7%92%E6%B8%A6%E3%81%AE%E7%9B%BE,パリィ,./?%E3%83%91%E3%83%AA%E3%82%A3,ウルドの王朝遺跡の水場にいる歩く霊廟の南の遺体,出血の状態異常を蓄積する(45) / 免疫、頑健、正気耐性が50上昇する,8,10,0,0,0,通常,◯
燻りの盾,./?%E7%87%BB%E3%82%8A%E3%81%AE%E7%9B%BE,シールドバッシュ,./?%E3%82%B7%E3%83%BC%E3%83%AB%E3%83%89%E3%83%90%E3%83%83%E3%82%B7%E3%83%A5,火山館の遺体,頑健耐性が30上昇する,10,9,0,12,0,通常,✕
蜷局の盾,./?%E8%9C%B7%E5%B1%80%E3%81%AE%E7%9B%BE,毒蛇の噛みつき,./?%E6%AF%92%E8%9B%87%E3%81%AE%E5%99%9B%E3%81%BF%E3%81%A4%E3%81%8D,火山の洞窟の遺体,毒の状態異常を蓄積する(72) / 免疫耐性が40上昇する,10,10,0,0,0,喪色,✕
流紋の盾,./?%E6%B5%81%E7%B4%8B%E3%81%AE%E7%9B%BE,円盤投擲,./?%E5%86%86%E7%9B%A4%E6%8A%95%E6%93%B2,テウルの鍛冶遺跡,なし,10,15,11,11,0,通常,✕
夜の盾,./?%E5%A4%9C%E3%81%AE%E7%9B%BE,夜の返報,./?%E5%A4%9C%E3%81%AE%E8%BF%94%E5%A0%B1,(DLC)ボニの牢獄,なし,8,15,0,0,0,喪色,✕
鷹紋のウッドシールド,./?%E9%B7%B9%E7%B4%8B%E3%81%AE%E3%82%A6%E3%83%83%E3%83%89%E3%82%B7%E3%83%BC%E3%83%AB%E3%83%89,パリィ,./?%E3%83%91%E3%83%AA%E3%82%A3,ストームヴィル城の祝福「城壁の塔」近くの昇降機で降りて、近くのインプ像の封印の中にある遺体,なし,8,0,0,0,0,通常,◯
馬紋のウッドシールド,./?%E9%A6%AC%E7%B4%8B%E3%81%AE%E3%82%A6%E3%83%83%E3%83%89%E3%82%B7%E3%83%BC%E3%83%AB%E3%83%89,戦技なし,not found art_url,パッチが販売,なし,8,0,0,0,0,通常,◯
燭樹のウッドシールド,./?%E7%87%AD%E6%A8%B9%E3%81%AE%E3%82%A6%E3%83%83%E3%83%89%E3%82%B7%E3%83%BC%E3%83%AB%E3%83%89,パリィ,./?%E3%83%91%E3%83%AA%E3%82%A3,賢者の洞窟の宝箱,なし,8,0,0,0,0,通常,◯
炎紋のウッドシールド,./?%E7%82%8E%E7%B4%8B%E3%81%AE%E3%82%A6%E3%83%83%E3%83%89%E3%82%B7%E3%83%BC%E3%83%AB%E3%83%89,パリィ,./?%E3%83%91%E3%83%AA%E3%82%A3,病村の遺体,なし,8,0,0,0,0,通常,◯
蝕まれた木盾,./?%E8%9D%95%E3%81%BE%E3%82%8C%E3%81%9F%E6%9C%A8%E7%9B%BE,戦技なし,not found art_url,ストームヴィル城の遺体,出血の状態異常を蓄積する(50),8,0,0,0,0,通常,◯
太陽の都の盾,./?%E5%A4%AA%E9%99%BD%E3%81%AE%E9%83%BD%E3%81%AE%E7%9B%BE,パリィ,./?%E3%83%91%E3%83%AA%E3%82%A3,剣と盾を装備した死に生きる者と獣人スケルトンがドロップ,なし,8,0,0,0,0,通常,◯
ラウンドシールド,./?%E3%83%A9%E3%82%A6%E3%83%B3%E3%83%89%E3%82%B7%E3%83%BC%E3%83%AB%E3%83%89,パリィ,./?%E3%83%91%E3%83%AA%E3%82%A3,啜り泣きの半島の祝福「モーンの城壁前」にいる放浪の民の商人が販売,なし,8,0,0,0,0,通常,◯
ラージレザーシールド,./?%E3%83%A9%E3%83%BC%E3%82%B8%E3%83%AC%E3%82%B6%E3%83%BC%E3%82%B7%E3%83%BC%E3%83%AB%E3%83%89,パリィ,./?%E3%83%91%E3%83%AA%E3%82%A3,素性｢勇者｣の初期装備エレの教会にいる放浪商人カーレが販売,なし,8,0,0,0,0,通常,◯
ブラックレザーシールド,./?%E3%83%96%E3%83%A9%E3%83%83%E3%82%AF%E3%83%AC%E3%82%B6%E3%83%BC%E3%82%B7%E3%83%BC%E3%83%AB%E3%83%89,戦技なし,not found art_url,カーリアの城館にいる召使いのピディが販売,ガード時冷気蓄積量-45%,10,0,0,0,0,通常,◯
蝕まれた革盾,./?%E8%9D%95%E3%81%BE%E3%82%8C%E3%81%9F%E9%9D%A9%E7%9B%BE,戦技なし,not found art_url,ストームヴィル城の遺体,出血の状態異常を蓄積する(50),8,0,0,0,0,通常,◯
ヒーターシールド,./?%E3%83%92%E3%83%BC%E3%82%BF%E3%83%BC%E3%82%B7%E3%83%BC%E3%83%AB%E3%83%89,パリィ,./?%E3%83%91%E3%83%AA%E3%82%A3,素性｢放浪騎士｣の初期装備双子の老婆が販売,なし,10,0,0,0,0,通常,◯
青紋のヒーターシールド,./?%E9%9D%92%E7%B4%8B%E3%81%AE%E3%83%92%E3%83%BC%E3%82%BF%E3%83%BC%E3%82%B7%E3%83%BC%E3%83%AB%E3%83%89,パリィ,./?%E3%83%91%E3%83%AA%E3%82%A3,素性｢密使｣の初期装備ベイルム教会の近くにいる放浪の民の商人が販売,なし,10,0,0,0,0,通常,◯
赤紋のヒーターシールド,./?%E8%B5%A4%E7%B4%8B%E3%81%AE%E3%83%92%E3%83%BC%E3%82%BF%E3%83%BC%E3%82%B7%E3%83%BC%E3%83%AB%E3%83%89,パリィ,./?%E3%83%91%E3%83%AA%E3%82%A3,アルター高原の祝福「森渡の大橋」にいる放浪の民の商人が販売,なし,10,0,0,0,0,通常,◯
獣紋のヒーターシールド,./?%E7%8D%A3%E7%B4%8B%E3%81%AE%E3%83%92%E3%83%BC%E3%82%BF%E3%83%BC%E3%82%B7%E3%83%BC%E3%83%AB%E3%83%89,パリィ,./?%E3%83%91%E3%83%AA%E3%82%A3,嵐の丘の戦学びのボロ家から東にある駐屯地の宝箱,なし,10,0,0,0,0,通常,◯
逆さ鷹のヒーターシールド,./?%E9%80%86%E3%81%95%E9%B7%B9%E3%81%AE%E3%83%92%E3%83%BC%E3%82%BF%E3%83%BC%E3%82%B7%E3%83%BC%E3%83%AB%E3%83%89,パリィ,./?%E3%83%91%E3%83%AA%E3%82%A3,シーフラ河の遺体,なし,10,0,0,0,0,通常,◯
蝕紋のヒーターシールド,./?%E8%9D%95%E7%B4%8B%E3%81%AE%E3%83%92%E3%83%BC%E3%82%BF%E3%83%BC%E3%82%B7%E3%83%BC%E3%83%AB%E3%83%89,戦技なし,not found art_url,霊廟ヶ原の地下墓から小黄金樹の方へ上り西側に降りた先,なし,10,0,0,0,0,通常,◯
カイトシールド,./?%E3%82%AB%E3%82%A4%E3%83%88%E3%82%B7%E3%83%BC%E3%83%AB%E3%83%89,戦技なし,not found art_url,湖のリエーニエの祝福「リエーニエ湖の岸辺」にいる放浪の民の商人が販売,なし,12,0,0,0,0,通常,◯
青金のカイトシールド,./?%E9%9D%92%E9%87%91%E3%81%AE%E3%82%AB%E3%82%A4%E3%83%88%E3%82%B7%E3%83%BC%E3%83%AB%E3%83%89,パリィ,./?%E3%83%91%E3%83%AA%E3%82%A3,ハイト砦北西にいる放浪の民の商人が販売,なし,12,0,0,0,0,通常,◯
蠍のカイトシールド,./?%E8%A0%8D%E3%81%AE%E3%82%AB%E3%82%A4%E3%83%88%E3%82%B7%E3%83%BC%E3%83%AB%E3%83%89,パリィ,./?%E3%83%91%E3%83%AA%E3%82%A3,アルター高原の祝福「森渡の大橋」にいる放浪の民の商人が販売,なし,12,0,0,0,0,通常,◯
双鳥のカイトシールド,./?%E5%8F%8C%E9%B3%A5%E3%81%AE%E3%82%AB%E3%82%A4%E3%83%88%E3%82%B7%E3%83%BC%E3%83%AB%E3%83%89,戦技なし,not found art_url,王都外廓の死の鳥がドロップ,HP減少時、攻撃力を高める（5％） / HP減少時、防御力を高める（10％）,12,0,0,0,0,通常,◯
真鍮の盾,./?%E7%9C%9F%E9%8D%AE%E3%81%AE%E7%9B%BE,戦技なし,not found art_url,各地にいる盾を装備した一般兵がドロップ,なし,16,0,0,0,0,通常,◯
メスメル兵の盾,./?%E3%83%A1%E3%82%B9%E3%83%A1%E3%83%AB%E5%85%B5%E3%81%AE%E7%9B%BE,戦技なし,not found art_url,盾を装備したメスメル兵がドロップ,なし,10,0,0,0,0,通常,◯
失地騎士の盾,./?%E5%A4%B1%E5%9C%B0%E9%A8%8E%E5%A3%AB%E3%81%AE%E7%9B%BE,戦技なし,not found art_url,各地にいる盾を装備した失地騎士がドロップ,なし,14,0,0,0,0,通常,◯
狼紋章の盾,./?%E7%8B%BC%E7%B4%8B%E7%AB%A0%E3%81%AE%E7%9B%BE,戦技なし,not found art_url,エンシスの城砦の宝箱,なし,12,0,0,0,0,通常,◯
蛇紋章の盾,./?%E8%9B%87%E7%B4%8B%E7%AB%A0%E3%81%AE%E7%9B%BE,戦技なし,not found art_url,絵画「侵攻」,なし,12,0,0,0,0,通常,◯
しろがねの盾,./?%E3%81%97%E3%82%8D%E3%81%8C%E3%81%AD%E3%81%AE%E7%9B%BE,パリィ,./?%E3%83%91%E3%83%AA%E3%82%A3,各地にいる金属盾を装備した第二世代しろがね人がドロップ,なし,11,0,0,0,0,通常,◯
獣人の壺盾,./?%E7%8D%A3%E4%BA%BA%E3%81%AE%E5%A3%BA%E7%9B%BE,戦技なし,not found art_url,崩れゆくファルム・アズラにいるファルム・アズラの獣人(剣盾)がドロップ,なし,10,0,0,0,0,通常,◯
カーリアの騎士盾,./?%E3%82%AB%E3%83%BC%E3%83%AA%E3%82%A2%E3%81%AE%E9%A8%8E%E5%A3%AB%E7%9B%BE,戦技なし,not found art_url,魔術学院レアルカリアにいるNPC「カーリア騎士、ムーングラム」がドロップ,なし,10,10,15,0,0,通常,◯
白銀の盾,./?%E7%99%BD%E9%8A%80%E3%81%AE%E7%9B%BE,戦技なし,not found art_url,聖別雪原にある棄教の廃屋で拾う,なし,12,10,10,0,0,喪色,✕
大亀の甲羅,./?%E5%A4%A7%E4%BA%80%E3%81%AE%E7%94%B2%E7%BE%85,鉄壁の盾,./?%E9%89%84%E5%A3%81%E3%81%AE%E7%9B%BE,啜り泣きの半島の祝福「モーンの城壁前」から霊気流ジャンプで南に飛んだ先の塔の屋上にある遺体,スタミナの回復速度を高める,14,0,0,0,0,通常,✕
黄金獅子盾,./?%E9%BB%84%E9%87%91%E7%8D%85%E5%AD%90%E7%9B%BE,咆哮バッシュ,./?%E5%92%86%E5%93%AE%E3%83%90%E3%83%83%E3%82%B7%E3%83%A5,NPC「赤獅子、フレイヤ」のイベントで入手,なし,11,0,0,0,0,喪色,✕
木の大盾,./?%E6%9C%A8%E3%81%AE%E5%A4%A7%E7%9B%BE,戦技なし,not found art_url,ストームヴィル城の遺体(Ver1.02から追加),---- / ---- / ----,14,0,0,0,0,通常,-(-/-)
君主軍の大盾,./?%E5%90%9B%E4%B8%BB%E8%BB%8D%E3%81%AE%E5%A4%A7%E7%9B%BE,シールドバッシュ,./?%E3%82%B7%E3%83%BC%E3%83%AB%E3%83%89%E3%83%90%E3%83%83%E3%82%B7%E3%83%A5,各地にいる槍と大盾を装備した一般兵がドロップ,---- / ---- / ----,16,0,0,0,0,通常,10(-/-)
鉄茨の大盾,./?%E9%89%84%E8%8C%A8%E3%81%AE%E5%A4%A7%E7%9B%BE,シールドバッシュ,./?%E3%82%B7%E3%83%BC%E3%83%AB%E3%83%89%E3%83%90%E3%83%83%E3%82%B7%E3%83%A5,日陰城のボス「鉄茨のエレメール」を倒す(Ver1.02から追加),出血の状態異常を蓄積する(70) / ---- / ----,21,0,0,0,0,通常,10(-/-)
鋲壁の盾,./?%E9%8B%B2%E5%A3%81%E3%81%AE%E7%9B%BE,シールドバッシュ,./?%E3%82%B7%E3%83%BC%E3%83%AB%E3%83%89%E3%83%90%E3%83%83%E3%82%B7%E3%83%A5,シーフラ河の奥井戸から北のゴーレムがいる場所の遺体,出血の状態異常を蓄積する(70) / ---- / ----,20,0,0,0,0,通常,10(-/-)
神聖画の盾,./?%E7%A5%9E%E8%81%96%E7%94%BB%E3%81%AE%E7%9B%BE,戦技なし,not found art_url,アルター高原、森の民の廃墟の北側(Ver1.02から追加),HPをゆっくりと回復する(HP3回復/sec),22,0,0,0,0,喪色,-(-/-)
獣紋の黄金盾,./?%E7%8D%A3%E7%B4%8B%E3%81%AE%E9%BB%84%E9%87%91%E7%9B%BE,戦技なし,not found art_url,王を待つ礼拝堂で接ぎ木の貴公子を倒す,---- / ---- / ----,24,0,0,0,0,通常,-(-/-)
城館のタワーシールド,./?%E5%9F%8E%E9%A4%A8%E3%81%AE%E3%82%BF%E3%83%AF%E3%83%BC%E3%82%B7%E3%83%BC%E3%83%AB%E3%83%89,シールドバッシュ,./?%E3%82%B7%E3%83%BC%E3%83%AB%E3%83%89%E3%83%90%E3%83%83%E3%82%B7%E3%83%A5,ストームヴィル城の遺体(Ver1.02から追加),---- / ---- / ----,30,0,0,0,0,通常,10(-/-)
交差樹のタワーシールド,./?%E4%BA%A4%E5%B7%AE%E6%A8%B9%E3%81%AE%E3%82%BF%E3%83%AF%E3%83%BC%E3%82%B7%E3%83%BC%E3%83%AB%E3%83%89,シールドバッシュ,./?%E3%82%B7%E3%83%BC%E3%83%AB%E3%83%89%E3%83%90%E3%83%83%E3%82%B7%E3%83%A5,アルター高原、祝福「森渡の大橋」の商人が販売（3800）(Ver1.02から追加),---- / ---- / ----,30,0,0,0,0,通常,10(-/-)
逆さ鷹のタワーシールド,./?%E9%80%86%E3%81%95%E9%B7%B9%E3%81%AE%E3%82%BF%E3%83%AF%E3%83%BC%E3%82%B7%E3%83%BC%E3%83%AB%E3%83%89,シールドバッシュ,./?%E3%82%B7%E3%83%BC%E3%83%AB%E3%83%89%E3%83%90%E3%83%83%E3%82%B7%E3%83%A5,永遠の都、ノクローンの大盾兵がドロップ,---- / ---- / ----,30,0,0,0,0,通常,10(-/-)
竜のタワーシールド,./?%E7%AB%9C%E3%81%AE%E3%82%BF%E3%83%AF%E3%83%BC%E3%82%B7%E3%83%BC%E3%83%AB%E3%83%89,シールドバッシュ,./?%E3%82%B7%E3%83%BC%E3%83%AB%E3%83%89%E3%83%90%E3%83%83%E3%82%B7%E3%83%A5,崩れゆくファルム・アズラの宝箱(Ver1.02から追加),---- / ---- / ----,30,0,0,0,0,通常,10(-/-)
名家の大盾,./?%E5%90%8D%E5%AE%B6%E3%81%AE%E5%A4%A7%E7%9B%BE,戦技なし,not found art_url,王都外廓の祝福「世捨て商人のボロ家」で購入（5500）(Ver1.02から追加),---- / ---- / ----,32,0,0,0,0,通常,-(-/-)
金装の大盾,./?%E9%87%91%E8%A3%85%E3%81%AE%E5%A4%A7%E7%9B%BE,戦技なし,not found art_url,ゴドリック騎士がドロップ,---- / ---- / ----,36,0,0,0,0,通常,-(-/-)
カッコウの大盾,./?%E3%82%AB%E3%83%83%E3%82%B3%E3%82%A6%E3%81%AE%E5%A4%A7%E7%9B%BE,戦技なし,not found art_url,ベイルム街道などにいるカッコウの騎士がドロップ,---- / ---- / ----,32,0,0,0,0,通常,-(-/-)
赤獅子の大盾,./?%E8%B5%A4%E7%8D%85%E5%AD%90%E3%81%AE%E5%A4%A7%E7%9B%BE,戦技なし,not found art_url,赤獅子城などにいる赤獅子騎士がドロップ,---- / ---- / ----,30,0,0,0,0,通常,-(-/-)
黄金の大盾,./?%E9%BB%84%E9%87%91%E3%81%AE%E5%A4%A7%E7%9B%BE,戦技なし,not found art_url,王都ローデイルなどにいるローデイル騎士がドロップ,---- / ---- / ----,34,0,0,0,0,通常,-(-/-)
聖樹紋の大盾,./?%E8%81%96%E6%A8%B9%E7%B4%8B%E3%81%AE%E5%A4%A7%E7%9B%BE,戦技なし,not found art_url,祝福「排水路」から祝福「聖樹最下層」の途中にある教会の墓地にいる聖樹騎士(大剣)からドロップ,---- / ---- / ----,36,0,0,0,0,通常,-(-/-)
黒鉄の大盾,./?%E9%BB%92%E9%89%84%E3%81%AE%E5%A4%A7%E7%9B%BE,シールドバッシュ,./?%E3%82%B7%E3%83%BC%E3%83%AB%E3%83%89%E3%83%90%E3%83%83%E3%82%B7%E3%83%A5,霧谷の砦のボス「黒騎士ガルー」を倒す,なし,35,0,0,0,0,通常,10(-/-)
坩堝の角盾,./?%E5%9D%A9%E5%A0%9D%E3%81%AE%E8%A7%92%E7%9B%BE,シールドバッシュ,./?%E3%82%B7%E3%83%BC%E3%83%AB%E3%83%89%E3%83%90%E3%83%83%E3%82%B7%E3%83%A5,シーフラの水道橋にいる坩堝の騎士(剣ver)を倒す,---- / ---- / ----,26,0,0,0,0,喪色,10(-/-)
竜爪の盾,./?%E7%AB%9C%E7%88%AA%E3%81%AE%E7%9B%BE,シールドバッシュ,./?%E3%82%B7%E3%83%BC%E3%83%AB%E3%83%89%E3%83%90%E3%83%83%E3%82%B7%E3%83%A5,アルター高原の祝福「王都城壁前」のボス「竜のツリーガード」を倒す,竜に対する特効 / ---- / ----,28,12,0,0,0,喪色,10(-/-)
指紋石の盾,./?%E6%8C%87%E7%B4%8B%E7%9F%B3%E3%81%AE%E7%9B%BE,シールドバッシュ,./?%E3%82%B7%E3%83%BC%E3%83%AB%E3%83%89%E3%83%90%E3%83%83%E3%82%B7%E3%83%A5,忌み捨ての地下の縦穴を降りた先の遺体(Ver1.02から追加),発狂の状態異常を蓄積する(70) / ---- / ----,48,0,0,0,0,通常,10(-/-)
蝕紋の大盾,./?%E8%9D%95%E7%B4%8B%E3%81%AE%E5%A4%A7%E7%9B%BE,戦技なし,not found art_url,湖のリエーニエの黒き刃の地下墓前などにいる霊廟騎士がドロップ,免疫、頑健､正気耐性が各50上昇する,32,0,0,0,0,通常,-(-/-)
蟻の頭甲,./?%E8%9F%BB%E3%81%AE%E9%A0%AD%E7%94%B2,シールドバッシュ,./?%E3%82%B7%E3%83%BC%E3%83%AB%E3%83%89%E3%83%90%E3%83%83%E3%82%B7%E3%83%A5,祝福「永遠の都、ノクステラ」付近の階段を上り、左側の部屋の中の宝箱(Ver1.02から追加),毒の状態異常を蓄積する（90） / 免疫耐性が60上昇する / ----,28,0,0,0,0,喪色,10(-/-)
黄金樹の大盾,./?%E9%BB%84%E9%87%91%E6%A8%B9%E3%81%AE%E5%A4%A7%E7%9B%BE,黄金の返報,./?%E9%BB%84%E9%87%91%E3%81%AE%E8%BF%94%E5%A0%B1,アルター高原でツリーガード2体を倒す,---- / ---- / ----,30,0,0,12,0,喪色,4(-/-)
クラゲの盾,./?%E3%82%AF%E3%83%A9%E3%82%B2%E3%81%AE%E7%9B%BE,伝染する怒り,./?%E4%BC%9D%E6%9F%93%E3%81%99%E3%82%8B%E6%80%92%E3%82%8A,湖のリエーニエの祝福「四鐘楼の麓」から街道北沿いのクラゲがいる場所の遺体(Ver1.02から追加),---- / ---- / ----,20,14,0,0,0,喪色,9(-/-)
ガンメンの盾,./?%E3%82%AC%E3%83%B3%E3%83%A1%E3%83%B3%E3%81%AE%E7%9B%BE,火炎舌,./?%E7%81%AB%E7%82%8E%E8%88%8C,ケイリッドにあるキレムの廃墟の地下室の宝箱,---- / ---- / ----,44,0,0,0,0,喪色,5(-/-)
単眼の盾,./?%E5%8D%98%E7%9C%BC%E3%81%AE%E7%9B%BE,炎の唾,./?%E7%82%8E%E3%81%AE%E5%94%BE,監視者たちの砦にいる敵対NPC「監視者の長、アーガンティ」を倒す,---- / ---- / ----,36,0,0,0,0,喪色,28(-/-)
緑青の大盾,./?%E7%B7%91%E9%9D%92%E3%81%AE%E5%A4%A7%E7%9B%BE,ムーアの突撃,./?%E3%83%A0%E3%83%BC%E3%82%A2%E3%81%AE%E7%AA%81%E6%92%83,NPC「ムーア」を倒す、またはエニル・イリムで「針の騎士、レダ」と同志たち撃破後に拾う（DLC追加武器）,---- / ---- / ----,49,0,0,0,0,喪色,16(-/-)
デュエリングシールド,./?%E3%83%87%E3%83%A5%E3%82%A8%E3%83%AA%E3%83%B3%E3%82%B0%E3%82%B7%E3%83%BC%E3%83%AB%E3%83%89,盾攻撃,./?%E7%9B%BE%E6%94%BB%E6%92%83,種の保管庫で拾う,なし,15,14,0,0,0,通常,◯
カーリアの刺突盾,./?%E3%82%AB%E3%83%BC%E3%83%AA%E3%82%A2%E3%81%AE%E5%88%BA%E7%AA%81%E7%9B%BE,盾攻撃,./?%E7%9B%BE%E6%94%BB%E6%92%83,種の保管庫で拾う,なし,17,13,15,0,0,通常,◯